,image,xmin,ymin,xmax,ymax
0,0,339,61,783,662
1,1,383,43,773,641
2,2,385,48,770,641
3,2,1017,4,1280,720
4,3,380,54,773,645
5,3,1015,2,1280,720
6,4,384,64,759,638
7,4,1010,1,1280,720
8,5,380,55,766,637
9,5,1021,3,1280,720
10,6,386,62,772,640
11,6,1015,1,1280,720
12,7,382,60,772,641
13,7,1015,3,1280,720
14,8,385,65,769,640
15,8,1015,5,1280,720
16,9,384,71,772,641
17,9,1012,1,1278,719
18,10,383,65,769,641
19,10,1003,2,1280,720
20,11,385,50,772,641
21,11,1015,1,1277,719
22,12,385,76,770,641
23,12,1015,1,1280,720
24,13,385,46,772,641
25,13,1018,1,1280,720
26,14,386,61,771,641
27,14,1015,1,1280,720
28,15,384,60,768,642
29,15,1018,1,1280,720
30,16,387,64,768,644
31,16,1018,1,1280,720
32,17,386,64,771,641
33,17,1014,1,1280,720
34,18,383,61,774,641
35,18,1017,1,1280,720
36,19,386,68,769,639
37,19,1018,1,1280,720
38,20,384,67,770,641
39,20,1017,1,1275,719
40,21,383,60,768,638
41,21,1009,1,1280,720
42,22,379,63,771,644
43,22,1014,1,1257,695
44,23,384,60,774,641
45,23,1016,4,1280,720
46,24,382,66,772,644
47,24,1021,3,1275,720
48,25,386,63,779,644
49,25,1024,1,1280,720
50,26,383,59,772,639
51,26,1014,1,1280,720
52,27,384,64,775,640
53,27,1019,4,1280,720
54,28,381,63,773,643
55,28,1014,2,1280,720
56,29,374,63,758,648
57,29,1008,1,1280,720
58,30,367,69,764,643
59,30,1010,3,1280,720
60,31,371,75,761,643
61,31,1012,2,1280,720
62,32,373,52,766,648
63,32,1021,1,1280,720
64,33,355,47,763,645
65,33,1023,6,1279,720
66,34,367,38,775,651
67,34,1037,1,1280,720
68,35,347,36,764,651
69,35,1041,1,1280,720
70,36,346,26,765,648
71,36,1049,4,1280,720
72,37,347,17,764,652
73,37,1052,4,1280,720
74,38,336,15,760,655
75,38,1051,3,1280,720
76,39,333,27,760,656
77,39,1063,1,1280,720
78,40,315,6,759,665
79,40,1062,1,1280,720
80,41,316,3,753,665
81,41,1070,5,1280,720
82,42,314,1,766,671
83,42,1086,2,1280,720
84,43,301,1,761,674
85,43,1089,1,1280,720
86,44,299,1,761,679
87,44,1095,10,1280,720
88,45,301,1,769,680
89,45,1113,4,1280,720
90,46,299,2,772,681
91,47,287,1,776,679
92,48,323,3,810,689
93,49,359,1,854,688
94,50,406,3,897,698
95,51,439,1,923,698
96,52,471,1,961,696
97,53,508,1,993,705
98,54,527,1,1022,707
99,55,541,2,1036,714
100,56,529,1,1033,715
101,57,530,2,1032,719
102,58,524,1,1036,714
103,59,524,1,1041,720
104,60,519,2,1036,720
105,61,515,2,1046,720
106,62,515,2,1055,720
107,63,522,2,1065,720
108,64,506,2,1070,720
109,65,501,1,1069,720
110,66,497,3,1078,720
111,67,501,1,1078,720
112,68,486,3,1086,720
113,69,465,1,1092,720
114,70,471,1,1093,720
115,71,472,1,1101,718
116,72,530,3,1183,720
117,73,563,3,1234,720
118,74,602,3,1274,720
119,75,632,1,1280,720
120,76,657,1,1280,720
121,77,709,1,1280,720
122,78,745,2,1280,720
123,79,781,1,1280,720
124,80,834,16,1280,720
125,81,876,1,1280,720
126,85,1,29,221,552
127,86,1,26,215,548
128,87,1,16,242,560
129,88,1,31,244,557
130,89,1,46,203,566
131,90,1,61,206,570
132,91,1,62,201,579
133,92,1,85,203,574
134,93,1,104,199,584
135,95,1,188,165,581
136,96,1,205,182,580
137,97,1,198,159,595
138,98,1,188,159,580
139,110,1,1,303,598
140,111,1,1,360,598
141,112,17,1,371,607
142,113,49,1,399,606
143,114,101,2,428,592
144,115,117,1,464,609
145,116,116,1,460,606
146,117,117,1,472,610
147,118,110,1,463,607
148,119,99,1,460,599
149,120,86,1,461,605
150,122,65,1,453,611
151,123,62,1,448,609
152,124,43,1,437,614
153,125,43,1,443,622
154,126,30,1,440,607
155,127,27,4,425,617
156,128,29,1,436,621
157,129,25,1,423,629
158,130,17,1,418,626
159,131,3,1,409,626
160,132,9,1,390,620
161,133,5,1,387,626
162,134,1,1,399,632
163,135,1,2,393,629
164,136,1,1,444,643
165,137,67,2,491,634
166,138,100,5,538,634
167,139,117,2,537,641
168,140,169,1,624,636
169,141,217,1,643,635
170,142,262,1,677,639
171,143,287,2,693,642
172,144,351,1,765,645
173,145,389,1,775,650
174,146,437,1,834,653
175,147,473,1,867,654
176,147,1,210,149,498
177,148,490,1,906,664
178,148,1,206,161,494
179,149,515,2,922,662
180,149,1,205,197,501
181,150,1,208,186,496
182,150,506,3,901,660
183,151,1,211,194,496
184,151,503,3,915,666
185,152,1,208,190,498
186,152,530,1,929,671
187,153,1,207,190,499
188,153,543,2,935,678
189,154,1,200,177,495
190,154,502,1,931,669
191,155,1,202,186,504
192,155,498,1,936,671
193,156,1,199,184,500
194,156,493,5,941,675
195,157,2,200,164,503
196,157,480,1,936,681
197,158,1,201,151,491
198,158,472,1,919,678
199,159,1,197,155,501
200,159,477,1,942,688
201,160,1,196,158,499
202,160,468,1,933,692
203,161,1,201,137,503
204,161,462,5,941,701
205,162,1,198,135,505
206,162,465,1,963,714
207,163,1,204,139,508
208,163,455,2,953,708
209,164,1,205,153,505
210,164,455,2,964,720
211,165,1,207,158,511
212,165,456,1,968,719
213,166,1,204,134,526
214,166,451,3,962,720
215,167,1,213,122,517
216,167,442,5,969,720
217,168,1,215,131,519
218,168,429,1,980,720
219,169,430,1,974,720
220,169,1,259,120,523
221,170,421,2,973,720
222,170,1,277,127,521
223,171,422,1,993,720
224,171,1,276,126,519
225,172,416,1,992,720
226,172,1,279,104,522
227,173,439,2,1007,720
228,173,1,274,121,516
229,174,476,3,1029,720
230,174,1,208,158,525
231,175,519,3,1095,720
232,175,1,200,196,527
233,176,545,3,1149,720
234,176,1,199,229,526
235,177,2,205,250,519
236,177,572,2,1172,720
237,178,29,208,289,525
238,178,607,4,1221,720
239,179,70,209,329,526
240,179,651,2,1279,720
241,180,106,213,369,531
242,180,714,2,1280,720
243,181,156,217,418,540
244,181,757,1,1280,720
245,182,200,220,452,524
246,182,791,2,1277,720
247,184,283,227,537,537
248,184,858,5,1280,720
249,185,318,231,561,535
250,186,351,234,601,535
251,186,1,179,175,497
252,187,343,234,590,540
253,187,2,182,166,498
254,188,350,230,596,537
255,188,1,178,177,501
256,189,343,223,588,519
257,189,1,172,164,493
258,190,342,230,579,522
259,190,1,178,177,491
260,192,329,214,586,530
261,192,1,161,153,496
262,193,321,212,569,529
263,193,1,155,143,493
264,194,324,214,579,530
265,194,1,161,134,491
266,195,315,213,566,527
267,195,1,163,133,490
268,196,330,210,577,534
269,196,1,161,137,500
270,197,362,212,610,534
271,197,1,162,184,496
272,198,404,215,650,529
273,198,29,163,218,499
274,199,439,212,686,538
275,199,75,169,265,499
276,200,103,166,287,500
277,200,466,218,717,540
278,201,500,224,759,540
279,201,144,173,344,509
280,202,190,182,372,501
281,202,541,226,780,547
282,203,585,226,822,547
283,203,238,187,413,510
284,204,258,191,440,518
285,204,606,229,840,551
286,205,284,190,460,511
287,205,626,219,881,560
288,206,279,191,454,516
289,206,624,231,879,558
290,207,282,193,443,509
291,207,623,230,878,557
292,208,272,188,446,504
293,208,623,226,879,545
294,209,273,185,448,510
295,209,618,218,872,541
296,210,272,186,437,505
297,210,618,215,872,548
298,211,267,184,436,503
299,211,615,215,866,546
300,212,259,186,433,513
301,212,615,219,874,554
302,213,244,182,423,517
303,213,610,214,861,562
304,214,243,187,423,519
305,214,603,221,871,571
306,215,243,189,417,525
307,215,605,218,854,577
308,216,230,191,429,526
309,216,597,232,872,582
310,217,236,195,410,528
311,217,601,234,873,580
312,218,248,195,422,529
313,218,608,235,883,589
314,219,226,204,418,509
315,219,584,243,875,564
316,220,615,226,893,587
317,220,231,182,444,535
318,221,279,194,475,526
319,221,658,226,936,586
320,222,306,193,498,534
321,222,690,224,965,596
322,223,354,196,558,539
323,223,738,226,1018,594
324,224,342,199,548,543
325,224,725,229,1003,595
326,225,347,197,532,545
327,225,721,227,1000,595
328,226,355,212,542,555
329,226,728,226,1008,608
330,227,338,184,530,541
331,227,719,221,1003,605
332,228,351,196,527,541
333,228,718,225,1021,603
334,229,353,190,534,538
335,229,731,222,1025,602
336,230,331,198,527,550
337,230,717,228,1019,608
338,231,341,178,522,538
339,231,720,207,1029,605
340,232,326,185,526,545
341,232,717,211,1022,610
342,233,343,168,527,541
343,233,727,209,1035,601
344,234,329,181,520,548
345,234,724,205,1028,605
346,235,315,177,513,543
347,235,722,195,1036,600
348,236,315,174,511,541
349,236,714,191,1023,608
350,237,308,168,508,536
351,237,716,185,1030,591
352,238,316,162,520,533
353,238,716,192,1029,596
354,239,317,172,526,535
355,239,715,192,1046,598
356,240,299,163,500,537
357,240,717,187,1036,611
358,241,287,150,501,541
359,241,715,182,1039,608
360,242,290,148,501,541
361,242,713,175,1053,612
362,243,295,149,515,541
363,243,719,177,1063,619
364,244,289,141,501,545
365,244,715,174,1058,614
366,245,284,141,509,535
367,245,715,169,1060,617
368,246,274,145,497,533
369,246,709,172,1053,605
370,247,279,136,502,549
371,247,711,164,1069,623
372,248,264,136,491,548
373,248,701,160,1065,618
374,249,269,133,483,545
375,249,715,156,1072,619
376,250,261,130,479,544
377,250,706,157,1064,627
378,251,258,147,478,549
379,251,706,165,1067,642
380,252,252,132,471,548
381,252,700,155,1060,642
382,253,241,126,471,551
383,253,704,154,1069,635
384,254,237,121,478,562
385,254,712,148,1088,643
386,255,232,119,474,555
387,255,716,141,1089,641
388,256,231,117,466,562
389,256,708,133,1086,639
390,257,228,118,457,567
391,257,703,134,1097,649
392,258,207,107,446,555
393,258,694,134,1072,648
394,259,215,119,461,574
395,259,715,137,1092,651
396,260,215,100,451,575
397,260,699,129,1102,661
398,261,208,114,451,570
399,261,694,124,1092,648
400,262,195,112,448,580
401,262,695,119,1111,667
402,263,201,119,443,575
403,263,693,124,1104,662
404,264,193,112,437,569
405,264,700,120,1125,664
406,265,193,95,440,562
407,265,701,105,1116,658
408,266,189,102,450,562
409,266,707,108,1132,657
410,267,187,86,438,557
411,267,704,84,1134,655
412,268,205,98,475,562
413,268,759,80,1190,666
414,269,279,84,536,558
415,269,806,72,1247,676
416,270,308,87,553,562
417,270,837,75,1279,674
418,271,336,84,568,563
419,271,846,66,1280,672
420,272,353,80,608,560
421,272,887,63,1280,679
422,273,398,86,647,567
423,273,929,65,1280,675
424,274,416,94,686,569
425,274,975,63,1280,679
426,275,465,97,725,569
427,275,1013,63,1280,682
428,276,491,97,765,571
429,276,1053,60,1280,680
430,277,549,100,793,574
431,277,1085,50,1280,657
432,278,568,100,819,569
433,278,1127,58,1280,655
434,279,574,104,822,575
435,280,570,91,835,569
436,281,572,105,830,576
437,282,569,89,820,569
438,283,556,96,822,576
439,284,562,94,824,578
440,285,573,84,828,576
441,286,572,88,824,584
442,287,572,87,824,584
443,288,572,77,825,586
444,289,560,74,825,591
445,290,560,69,820,593
446,291,557,69,823,600
447,292,546,74,820,610
448,293,554,73,822,605
449,294,546,70,822,617
450,295,548,79,820,634
451,296,546,65,829,616
452,297,545,65,825,619
453,298,546,53,822,614
454,299,549,45,836,611
455,300,543,32,829,598
456,301,532,17,833,594
457,302,546,8,868,596
458,303,605,1,915,594
459,304,653,1,940,598
460,305,663,1,985,596
461,306,693,3,1032,604
462,307,736,9,1057,610
463,308,772,3,1100,612
464,309,808,2,1129,614
465,310,847,1,1190,617
466,311,872,1,1245,620
467,312,937,2,1280,630
468,314,1014,3,1280,639
469,315,1041,2,1280,641
470,316,1062,1,1280,645
471,317,1061,1,1280,641
472,318,1058,1,1280,655
473,319,1062,2,1280,650
474,320,1074,1,1280,667
475,321,1075,5,1280,666
476,322,1076,5,1280,668
477,323,1074,3,1280,678
478,324,1073,1,1280,683
479,325,1077,1,1280,688
480,326,1086,5,1280,696
481,327,1099,2,1280,693
482,328,1096,4,1280,712
483,329,1097,2,1280,695
484,330,1115,1,1280,704
485,386,6,70,222,565
486,387,3,75,255,567
487,388,1,67,285,567
488,389,1,64,254,580
489,390,1,60,245,563
490,391,1,42,271,567
491,392,2,42,236,564
492,393,1,35,209,557
493,394,1,34,219,569
494,395,1,26,202,562
495,396,3,25,222,566
496,397,1,17,205,570
497,398,1,19,221,571
498,399,1,15,219,579
499,400,1,16,207,569
500,401,1,15,201,581
501,402,1,16,193,582
502,403,1,3,181,592
503,404,3,1,179,591
504,405,1,1,172,604
505,406,3,1,166,603
506,407,1,4,159,591
507,408,2,2,154,601
508,409,3,2,184,617
509,410,1,2,167,605
510,904,1,119,154,529
511,905,1,124,143,534
512,907,1,129,125,534
513,908,2,123,136,537
514,917,1,107,208,542
515,918,1,102,240,550
516,919,2,109,263,551
517,920,1,110,314,551
518,921,4,112,351,561
519,922,26,122,390,561
520,923,69,128,414,550
521,924,83,129,460,552
522,925,65,120,441,555
523,926,69,129,451,569
524,927,70,131,441,561
525,928,61,135,436,565
526,929,51,132,430,569
527,930,43,126,423,572
528,931,45,123,435,584
529,932,73,125,443,584
530,933,124,124,506,574
531,934,171,130,522,580
532,935,195,134,556,584
533,936,223,134,591,591
534,937,272,139,629,580
535,937,2,196,196,528
536,938,302,139,645,583
537,938,1,191,235,522
538,939,331,144,693,591
539,939,14,176,259,525
540,940,324,147,700,604
541,940,5,196,260,528
542,941,329,146,693,591
543,941,10,196,270,534
544,942,318,144,664,601
545,942,1,202,262,535
546,943,319,141,695,593
547,943,1,192,254,541
548,944,317,133,677,591
549,944,1,195,247,533
550,945,302,134,700,597
551,945,1,205,249,547
552,946,296,131,660,596
553,946,3,191,253,549
554,947,314,128,696,613
555,947,2,184,251,535
556,948,301,122,705,604
557,948,2,178,243,534
558,949,300,126,696,594
559,949,1,180,257,539
560,950,313,113,702,597
561,950,1,177,252,534
562,951,367,111,758,594
563,951,34,181,293,526
564,952,388,125,774,597
565,952,76,182,332,535
566,953,432,114,819,598
567,953,118,182,385,540
568,954,449,105,825,604
569,954,124,184,393,529
570,954,1,186,180,500
571,955,487,85,855,607
572,955,192,150,426,527
573,955,5,191,215,498
574,956,529,116,902,608
575,956,218,193,459,543
576,956,34,200,245,512
577,957,554,113,948,613
578,957,238,203,492,558
579,957,62,205,286,498
580,958,572,120,979,612
581,958,265,205,519,541
582,958,92,208,313,508
583,958,1,229,121,475
584,959,569,119,975,615
585,959,258,205,514,547
586,959,77,210,296,508
587,959,1,231,118,471
588,960,566,116,979,618
589,960,256,202,509,544
590,960,74,213,296,509
591,960,1,232,110,469
592,961,563,115,984,626
593,961,249,199,505,536
594,961,72,205,296,519
595,961,1,231,105,475
596,962,563,111,979,624
597,962,250,197,502,546
598,962,64,205,288,505
599,962,1,233,107,471
600,963,565,111,978,630
601,963,243,202,500,546
602,963,63,203,295,510
603,963,1,237,94,480
604,964,562,108,987,635
605,964,243,202,501,549
606,964,54,206,286,515
607,964,1,259,89,478
608,965,562,107,989,637
609,965,237,203,498,549
610,965,58,208,287,513
611,966,560,103,993,642
612,966,229,203,501,555
613,966,49,205,280,519
614,966,1,275,87,481
615,967,559,105,1000,639
616,967,225,202,497,563
617,967,45,206,272,522
618,967,1,286,81,408
619,968,549,93,1002,640
620,968,226,195,481,544
621,968,36,190,272,519
622,969,555,91,1001,653
623,969,220,191,495,569
624,969,40,200,273,508
625,970,567,86,1029,653
626,970,236,191,500,565
627,970,53,198,281,521
628,971,608,79,1027,647
629,971,285,198,543,557
630,971,92,205,321,519
631,971,1,228,117,472
632,972,645,87,1099,657
633,972,314,199,576,559
634,972,136,212,364,526
635,972,2,225,153,470
636,973,677,87,1141,663
637,973,339,199,610,558
638,973,173,214,405,519
639,973,12,218,201,498
640,974,689,83,1144,664
641,974,361,202,628,562
642,974,196,208,413,518
643,974,22,236,207,477
644,975,744,82,1183,669
645,975,410,206,670,559
646,975,234,212,466,517
647,975,65,241,264,473
648,976,749,85,1236,676
649,976,444,204,702,563
650,976,267,218,506,527
651,976,100,240,298,486
652,977,824,98,1280,682
653,977,487,207,744,578
654,977,311,214,530,537
655,977,158,249,338,488
656,977,7,272,142,460
657,978,831,75,1280,689
658,978,518,208,769,576
659,978,357,226,552,541
660,978,186,256,364,486
661,978,20,272,160,468
662,979,856,87,1280,684
663,979,521,213,787,576
664,979,348,230,579,547
665,979,202,255,393,493
666,979,39,277,195,475
667,980,851,80,1280,684
668,980,520,207,785,575
669,980,343,225,565,527
670,980,197,253,386,499
671,980,33,277,176,475
672,981,848,80,1280,688
673,981,517,210,782,580
674,981,354,226,566,531
675,981,193,251,382,491
676,981,29,277,181,474
677,982,852,72,1280,694
678,982,524,206,789,581
679,982,352,226,572,534
680,982,189,248,356,494
681,982,24,271,180,470
682,983,853,75,1280,699
683,983,511,205,787,578
684,983,346,224,584,528
685,983,177,248,373,493
686,983,28,269,188,470
687,984,860,59,1280,691
688,984,513,194,822,572
689,984,346,218,579,526
690,984,185,245,365,479
691,984,26,265,176,462
692,985,874,48,1280,699
693,985,516,198,792,565
694,985,344,214,570,527
695,985,189,241,375,480
696,985,29,260,179,454
697,986,887,42,1280,693
698,986,528,192,810,573
699,986,363,210,582,528
700,986,193,239,394,476
701,986,45,264,182,458
702,987,922,40,1280,694
703,987,565,190,828,570
704,987,385,211,627,518
705,987,232,243,394,491
706,987,69,269,208,464
707,988,960,23,1280,709
708,988,586,188,856,569
709,988,403,212,616,523
710,988,244,237,436,484
711,988,91,262,242,463
712,989,629,189,891,580
713,989,465,219,679,535
714,989,301,239,501,491
715,989,134,262,294,458
716,989,1,278,121,435
717,989,986,26,1280,711
718,990,650,191,936,567
719,990,475,215,706,524
720,990,333,248,495,484
721,990,170,270,320,457
722,990,8,280,136,453
723,991,686,195,967,580
724,991,520,221,727,520
725,991,359,247,541,481
726,991,207,271,359,473
727,991,50,276,203,445
728,992,723,199,997,576
729,992,535,220,765,543
730,992,259,273,379,472
731,992,90,290,221,444
732,992,404,252,553,489
733,993,755,196,1044,585
734,993,582,218,794,533
735,993,429,244,618,492
736,993,290,284,416,476
737,993,140,290,265,457
738,994,809,197,1090,588
739,994,624,220,850,540
740,994,472,249,651,496
741,994,333,285,479,469
742,994,179,290,312,462
743,995,849,200,1139,605
744,995,667,226,882,531
745,995,508,255,701,505
746,995,375,285,514,473
747,995,219,298,356,458
748,996,883,199,1186,596
749,996,702,221,924,538
750,996,557,258,729,502
751,996,414,289,550,481
752,996,258,301,389,465
753,996,1,213,115,485
754,997,925,203,1234,598
755,997,736,226,970,543
756,997,581,262,764,504
757,997,444,285,581,471
758,997,304,298,439,457
759,997,3,210,148,469
760,998,966,201,1277,603
761,998,780,231,1014,541
762,998,639,260,798,498
763,998,484,297,623,482
764,998,334,305,483,462
765,998,58,224,192,467
766,999,1011,206,1280,614
767,999,825,234,1052,548
768,999,662,262,856,512
769,999,522,298,658,475
770,999,371,312,493,468
771,999,81,226,232,469
772,999,11,245,136,478
773,1000,1040,203,1280,616
774,1000,840,228,1073,557
775,1000,691,266,886,498
776,1000,544,303,682,474
777,1000,403,305,536,472
778,1000,125,225,252,474
779,1000,33,248,165,471
780,1001,1033,201,1280,619
781,1001,840,232,1081,557
782,1001,671,269,885,501
783,1001,540,305,677,484
784,1001,408,308,533,469
785,1001,110,227,266,474
786,1001,37,249,186,476
787,1002,1021,204,1280,606
788,1002,811,235,1092,560
789,1002,683,264,883,505
790,1002,556,298,686,480
791,1002,408,304,534,470
792,1002,125,227,258,477
793,1002,37,261,173,477
794,1003,1032,205,1280,611
795,1003,841,233,1086,561
796,1003,690,269,850,503
797,1003,542,298,677,489
798,1003,398,314,515,473
799,1003,100,230,257,479
800,1003,35,260,170,492
801,1004,1036,195,1280,601
802,1004,848,225,1088,559
803,1004,697,258,873,505
804,1004,536,295,682,480
805,1004,375,302,514,459
806,1004,118,219,265,475
807,1004,29,233,173,481
808,1005,1075,197,1280,617
809,1005,878,238,1112,562
810,1005,723,262,905,505
811,1005,570,305,714,491
812,1005,422,309,572,471
813,1005,152,254,295,472
814,1005,81,251,202,470
815,1006,1118,198,1280,623
816,1006,915,235,1167,576
817,1006,750,263,933,520
818,1006,617,308,772,483
819,1006,463,311,617,475
820,1006,200,237,343,479
821,1006,101,260,253,475
822,1007,907,245,1155,598
823,1007,1109,208,1280,627
824,1007,737,274,951,524
825,1007,586,298,730,491
826,1007,449,307,585,476
827,1007,188,248,343,484
828,1007,91,251,229,454
829,1008,923,240,1154,574
830,1008,762,272,936,523
831,1008,615,311,744,493
832,1008,472,310,598,480
833,1008,214,235,324,491
834,1008,118,269,243,473
835,1009,922,240,1172,581
836,1009,754,276,951,535
837,1009,608,316,751,504
838,1009,466,324,592,481
839,1009,169,247,333,487
840,1009,82,265,229,472
841,1010,930,241,1173,575
842,1010,742,276,949,526
843,1010,603,312,751,502
844,1010,464,322,586,484
845,1010,192,230,327,487
846,1010,103,265,245,485
847,1011,918,244,1178,581
848,1011,767,278,955,533
849,1011,609,311,751,494
850,1011,473,323,602,486
851,1011,203,245,331,481
852,1011,107,269,245,471
853,1012,920,237,1178,586
854,1012,752,276,943,526
855,1012,603,315,751,501
856,1012,458,327,591,492
857,1012,190,246,327,491
858,1012,63,269,229,485
859,1013,929,235,1181,591
860,1013,761,277,952,528
861,1013,606,314,758,504
862,1013,465,326,593,479
863,1013,184,241,314,493
864,1013,88,262,232,414
865,1014,901,233,1183,590
866,1014,755,276,959,533
867,1014,601,317,755,507
868,1014,449,325,583,493
869,1014,197,243,313,495
870,1014,58,253,224,498
871,1014,1162,198,1280,642
872,1015,923,238,1179,600
873,1015,748,274,956,533
874,1015,603,315,737,498
875,1015,451,326,585,500
876,1015,179,244,307,491
877,1015,65,265,217,482
878,1016,924,238,1187,591
879,1016,746,281,921,544
880,1016,606,314,737,514
881,1016,457,333,587,491
882,1016,167,248,301,498
883,1016,73,271,222,494
884,1017,920,235,1186,603
885,1017,728,282,941,537
886,1017,601,316,745,512
887,1017,436,327,574,491
888,1017,132,226,305,499
889,1017,52,262,206,500
890,1018,923,239,1183,606
891,1018,750,281,946,548
892,1018,586,322,739,502
893,1018,444,330,564,492
894,1018,139,248,298,493
895,1018,43,271,201,487
896,1019,938,241,1186,600
897,1019,735,282,948,550
898,1019,589,321,734,515
899,1019,439,330,584,497
900,1019,132,250,297,507
901,1019,36,268,204,479
902,1020,936,246,1222,606
903,1020,752,283,958,546
904,1020,612,316,771,509
905,1020,465,332,606,500
906,1020,171,248,310,496
907,1020,71,270,219,482
908,1021,961,234,1280,631
909,1021,817,284,1011,545
910,1021,665,326,804,528
911,1021,511,335,636,493
912,1021,216,250,370,505
913,1021,116,270,260,515
914,1022,1040,225,1280,625
915,1022,857,284,1033,545
916,1022,703,329,836,520
917,1022,551,336,677,506
918,1022,241,249,392,498
919,1022,145,276,304,506
920,1023,1048,235,1280,623
921,1023,879,285,1101,559
922,1023,732,327,864,518
923,1023,573,334,715,491
924,1023,290,258,429,517
925,1023,183,283,332,510
926,1024,1086,234,1280,620
927,1024,911,282,1085,555
928,1024,751,326,888,527
929,1024,593,335,739,512
930,1024,299,255,449,504
931,1024,202,270,353,503
932,1025,908,287,1139,559
933,1025,784,327,931,518
934,1025,642,344,772,510
935,1025,347,260,483,513
936,1025,258,284,407,484
937,1025,1162,249,1280,598
938,1026,980,301,1194,558
939,1026,816,332,958,528
940,1026,663,344,800,508
941,1026,396,258,529,512
942,1026,273,276,432,484
943,1027,979,284,1186,544
944,1027,806,328,951,539
945,1027,668,342,793,511
946,1027,409,251,529,518
947,1027,293,273,429,510
948,1028,1042,283,1192,569
949,1028,978,307,1084,550
950,1028,809,326,961,531
951,1028,667,333,801,516
952,1028,407,248,515,518
953,1028,293,282,437,518
954,1029,1036,275,1180,556
955,1029,975,307,1049,519
956,1029,811,325,959,525
957,1029,659,336,795,504
958,1029,417,246,514,509
959,1029,289,284,438,515
960,1030,1031,288,1175,555
961,1030,972,305,1078,536
962,1030,821,324,961,516
963,1030,650,335,781,492
964,1030,405,243,507,508
965,1030,293,263,419,507
966,1031,969,269,1136,536
967,1031,786,311,932,515
968,1031,651,334,764,503
969,1031,386,245,496,505
970,1031,274,259,393,484
971,1032,1094,217,1280,611
972,1032,949,259,1079,548
973,1032,893,270,945,533
974,1032,740,303,870,511
975,1032,584,318,726,504
976,1032,336,238,436,512
977,1032,179,266,344,467
978,1033,1056,212,1280,605
979,1033,909,268,1052,546
980,1033,843,291,919,519
981,1033,691,296,843,512
982,1033,543,313,686,495
983,1033,290,229,394,508
984,1033,144,257,290,494
985,1034,1028,216,1279,612
986,1034,842,263,1021,534
987,1034,679,307,828,502
988,1034,518,320,670,488
989,1034,272,235,379,499
990,1034,141,247,273,511
991,1035,990,211,1276,631
992,1035,801,266,1020,535
993,1035,640,310,797,506
994,1035,490,323,634,487
995,1035,229,236,336,499
996,1035,96,262,247,498
997,1036,982,212,1261,600
998,1036,791,262,987,539
999,1036,628,312,770,507
1000,1036,472,319,595,488
1001,1036,204,235,323,506
1002,1036,72,258,217,500
1003,1037,962,212,1253,587
1004,1037,772,260,965,534
1005,1037,625,301,773,505
1006,1037,469,321,616,488
1007,1037,216,231,313,499
1008,1037,69,249,215,505
1009,1038,971,205,1259,597
1010,1038,835,262,994,534
1011,1038,787,281,872,519
1012,1038,629,305,758,505
1013,1038,473,315,596,505
1014,1038,210,241,311,520
1015,1038,71,251,212,486
1016,1039,974,205,1270,598
1017,1039,772,262,983,529
1018,1039,628,302,765,504
1019,1039,463,318,595,485
1020,1039,201,232,308,519
1021,1039,70,245,214,435
1022,1040,962,199,1260,587
1023,1040,824,245,954,524
1024,1040,778,272,854,515
1025,1040,623,304,756,499
1026,1040,463,312,590,483
1027,1040,205,224,308,503
1028,1040,61,247,191,469
1029,1041,971,200,1259,605
1030,1041,824,257,970,537
1031,1041,766,282,867,502
1032,1041,619,302,758,505
1033,1041,451,316,598,495
1034,1041,176,219,301,499
1035,1041,57,240,192,473
1036,1042,984,206,1268,599
1037,1042,825,258,976,538
1038,1042,772,284,864,495
1039,1042,612,300,761,511
1040,1042,453,316,601,482
1041,1042,177,231,301,497
1042,1042,29,250,201,469
1043,1043,993,199,1273,618
1044,1043,831,262,985,548
1045,1043,766,283,893,523
1046,1043,606,303,766,505
1047,1043,445,309,593,494
1048,1043,189,219,294,491
1049,1043,31,247,195,485
1050,1044,975,192,1280,608
1051,1044,827,247,1008,534
1052,1044,772,287,912,512
1053,1044,614,299,767,488
1054,1044,441,304,589,482
1055,1044,169,213,303,486
1056,1044,52,240,188,494
1057,1045,978,195,1280,617
1058,1045,825,258,984,541
1059,1045,773,291,894,520
1060,1045,622,298,756,508
1061,1045,457,315,587,485
1062,1045,166,212,298,493
1063,1045,43,243,163,493
1064,1046,961,188,1279,628
1065,1046,832,244,988,534
1066,1046,782,267,852,521
1067,1046,635,291,763,501
1068,1046,461,309,613,487
1069,1046,189,210,306,495
1070,1046,49,235,207,471
1071,1047,972,182,1280,612
1072,1047,769,248,970,539
1073,1047,615,298,765,505
1074,1047,464,313,583,489
1075,1047,163,214,291,495
1076,1047,37,240,188,490
1077,1048,992,179,1280,615
1078,1048,833,247,1001,535
1079,1048,770,277,901,513
1080,1048,615,292,763,505
1081,1048,452,308,598,485
1082,1048,171,213,292,491
1083,1048,26,245,158,500
1084,1049,993,180,1280,623
1085,1049,829,248,1003,543
1086,1049,755,262,887,528
1087,1049,613,293,768,504
1088,1049,448,307,595,493
1089,1049,148,212,283,495
1090,1049,14,230,179,471
1091,1050,1002,181,1280,619
1092,1050,852,245,1010,544
1093,1050,802,278,931,530
1094,1050,634,300,782,500
1095,1050,472,309,608,491
1096,1050,175,212,300,497
1097,1050,30,240,185,492
1098,1051,1040,186,1280,626
1099,1051,837,251,1032,539
1100,1051,667,299,812,509
1101,1051,505,314,644,485
1102,1051,193,218,339,491
1103,1051,57,242,229,508
1104,1052,872,250,1099,548
1105,1052,715,304,853,521
1106,1052,550,312,676,491
1107,1052,265,223,379,498
1108,1052,93,246,264,476
1109,1053,902,252,1124,548
1110,1053,731,299,890,499
1111,1053,577,320,718,499
1112,1053,279,214,404,506
1113,1053,138,244,283,509
1114,1054,1002,263,1171,562
1115,1054,940,283,1022,547
1116,1054,778,293,908,519
1117,1054,605,323,753,507
1118,1054,324,226,451,501
1119,1054,190,241,339,504
1120,1055,940,256,1124,555
1121,1055,761,308,905,530
1122,1055,580,319,739,497
1123,1055,316,227,432,500
1124,1055,179,253,318,505
1125,1056,989,252,1148,563
1126,1056,925,291,1048,545
1127,1056,761,305,909,520
1128,1056,591,323,740,500
1129,1056,308,223,418,508
1130,1056,151,249,333,505
1131,1057,982,257,1140,560
1132,1057,916,299,1064,546
1133,1057,759,312,903,534
1134,1057,593,325,730,494
1135,1057,323,232,417,501
1136,1057,133,255,329,512
1137,1058,998,258,1145,566
1138,1058,926,292,1051,548
1139,1058,760,309,912,527
1140,1058,602,321,733,496
1141,1058,309,226,430,502
1142,1058,157,252,296,497
1143,1059,1001,262,1140,568
1144,1059,929,294,1045,541
1145,1059,770,310,908,522
1146,1059,601,322,734,498
1147,1059,322,226,426,505
1148,1059,158,242,322,513
1149,1060,1001,253,1154,568
1150,1060,936,294,1043,540
1151,1060,766,310,913,534
1152,1060,606,321,732,498
1153,1060,314,212,426,507
1154,1060,147,238,315,503
1155,1061,1005,253,1151,578
1156,1061,931,291,1063,545
1157,1061,776,303,911,526
1158,1061,609,321,743,502
1159,1061,317,219,433,505
1160,1061,111,231,315,506
1161,1062,1001,254,1156,566
1162,1062,943,287,1054,541
1163,1062,761,305,930,519
1164,1062,594,317,740,500
1165,1062,303,218,430,506
1166,1062,154,236,294,510
1167,1063,1000,263,1163,568
1168,1063,931,284,1037,544
1169,1063,765,296,918,529
1170,1063,592,312,745,502
1171,1063,297,216,440,507
1172,1063,128,241,290,510
1173,1064,1004,252,1167,574
1174,1064,944,286,1058,548
1175,1064,756,303,917,521
1176,1064,590,316,729,502
1177,1064,305,220,423,507
1178,1064,123,248,292,514
1179,1065,999,254,1154,562
1180,1065,928,286,1047,549
1181,1065,756,305,917,522
1182,1065,591,321,730,498
1183,1065,291,219,414,514
1184,1065,113,243,293,509
1185,1066,1004,244,1191,580
1186,1066,919,288,1102,563
1187,1066,757,308,925,523
1188,1066,591,319,738,506
1189,1066,292,220,408,512
1190,1066,127,233,305,499
1191,1067,993,254,1181,576
1192,1067,925,293,1061,562
1193,1067,743,308,915,531
1194,1067,572,316,722,510
1195,1067,277,217,408,510
1196,1067,136,239,284,512
1197,1068,1001,255,1165,585
1198,1068,915,291,1050,558
1199,1068,745,305,909,533
1200,1068,574,321,730,504
1201,1068,263,211,401,515
1202,1068,105,218,258,518
1203,1069,996,262,1179,572
1204,1069,923,286,1074,550
1205,1069,754,309,912,531
1206,1069,577,318,725,506
1207,1069,272,206,400,507
1208,1069,123,232,272,512
1209,1070,1008,254,1148,577
1210,1070,925,285,1048,548
1211,1070,750,291,904,516
1212,1070,591,320,713,493
1213,1070,252,191,404,512
1214,1070,106,228,276,512
1215,1071,1012,253,1181,570
1216,1071,941,282,1072,557
1217,1071,746,292,910,532
1218,1071,580,306,726,499
1219,1071,266,205,405,508
1220,1071,108,230,268,516
1221,1072,1016,247,1197,563
1222,1072,943,281,1071,546
1223,1072,758,298,929,528
1224,1072,586,312,719,503
1225,1072,253,199,401,507
1226,1072,96,229,245,507
1227,1073,1015,228,1173,565
1228,1073,921,263,1083,542
1229,1073,762,294,914,532
1230,1073,587,305,718,496
1231,1073,265,198,407,503
1232,1073,92,213,297,502
1233,1074,1004,233,1178,566
1234,1074,946,259,1077,548
1235,1074,746,288,912,516
1236,1074,591,310,720,504
1237,1074,228,196,401,505
1238,1074,97,220,288,508
1239,1075,1009,224,1179,561
1240,1075,938,269,1066,544
1241,1075,750,288,915,519
1242,1075,577,305,725,506
1243,1075,252,198,398,511
1244,1075,71,216,257,505
1245,1076,1014,228,1187,580
1246,1076,934,274,1070,545
1247,1076,761,291,909,523
1248,1076,585,303,723,500
1249,1076,254,197,406,507
1250,1076,90,218,254,510
1251,1077,1015,223,1178,584
1252,1077,938,276,1066,546
1253,1077,743,291,909,522
1254,1077,557,302,708,498
1255,1077,247,189,388,508
1256,1077,81,220,238,512
1257,1078,1013,226,1165,569
1258,1078,934,274,1072,554
1259,1078,743,293,917,525
1260,1078,565,314,711,492
1261,1078,235,198,377,508
1262,1078,58,225,234,514
1263,1079,1004,228,1201,581
1264,1079,941,266,1064,544
1265,1079,739,291,903,527
1266,1079,559,303,702,491
1267,1079,238,194,379,511
1268,1079,71,219,236,521
1269,1080,1010,229,1155,587
1270,1080,930,284,1065,552
1271,1080,746,293,896,527
1272,1080,572,313,705,505
1273,1080,207,193,369,511
1274,1080,31,223,222,512
1275,1081,1009,226,1229,588
1276,1081,930,274,1075,562
1277,1081,737,294,926,530
1278,1081,558,313,718,510
1279,1081,229,192,372,502
1280,1081,76,214,226,524
1281,1082,1012,227,1192,587
1282,1082,948,274,1076,557
1283,1082,748,288,917,535
1284,1082,547,309,707,512
1285,1082,228,199,370,512
1286,1082,41,202,241,518
1287,1083,1015,219,1205,588
1288,1083,933,274,1074,560
1289,1083,729,288,923,534
1290,1083,561,312,723,512
1291,1083,228,199,378,516
1292,1083,51,223,244,527
1293,1084,1024,228,1216,592
1294,1084,954,270,1098,569
1295,1084,725,292,912,529
1296,1084,560,310,710,512
1297,1084,222,191,371,535
1298,1084,38,206,224,527
1299,1085,1026,217,1210,586
1300,1085,929,269,1103,562
1301,1085,739,284,922,535
1302,1085,566,305,719,504
1303,1085,208,191,366,526
1304,1085,33,214,225,524
1305,1086,1029,217,1223,594
1306,1086,943,270,1096,559
1307,1086,736,296,937,534
1308,1086,558,309,707,501
1309,1086,209,192,365,516
1310,1086,21,212,208,528
1311,1087,1013,214,1228,585
1312,1087,939,266,1088,565
1313,1087,732,271,918,529
1314,1087,538,292,710,504
1315,1087,218,175,355,519
1316,1087,22,204,208,524
1317,1088,1027,211,1208,594
1318,1088,937,267,1093,569
1319,1088,738,291,927,538
1320,1088,558,309,706,508
1321,1088,217,184,359,521
1322,1088,29,212,224,526
1323,1089,1023,214,1215,591
1324,1089,935,268,1097,564
1325,1089,744,286,918,531
1326,1089,548,306,708,513
1327,1089,211,186,354,517
1328,1089,1,204,189,529
1329,1090,1029,228,1181,584
1330,1090,942,271,1067,574
1331,1090,740,287,903,553
1332,1090,554,308,714,517
1333,1090,197,189,344,519
1334,1090,3,204,190,531
1335,1091,1019,214,1226,606
1336,1091,936,267,1078,572
1337,1091,740,290,905,541
1338,1091,547,312,697,519
1339,1091,186,181,342,534
1340,1091,19,203,186,532
1341,1092,1023,217,1280,619
1342,1092,933,267,1094,574
1343,1092,737,296,908,541
1344,1092,543,308,706,516
1345,1092,187,184,336,526
1346,1092,1,198,195,534
1347,1093,1034,212,1280,611
1348,1093,945,270,1100,575
1349,1093,743,287,927,540
1350,1093,539,299,708,509
1351,1093,173,176,340,525
1352,1093,1,209,203,530
1353,1094,1027,205,1280,618
1354,1094,939,262,1093,572
1355,1094,729,285,914,539
1356,1094,546,302,702,524
1357,1094,176,178,340,533
1358,1094,7,184,174,532
1359,1095,1023,205,1280,609
1360,1095,953,260,1104,578
1361,1095,737,284,919,533
1362,1095,552,305,697,515
1363,1095,172,174,333,520
1364,1095,4,188,200,530
1365,1096,1025,202,1273,602
1366,1096,948,256,1132,569
1367,1096,724,286,930,538
1368,1096,540,302,707,512
1369,1096,166,161,341,513
1370,1096,4,185,194,527
1371,1097,1037,194,1231,589
1372,1097,951,255,1112,560
1373,1097,720,276,925,527
1374,1097,547,292,706,495
1375,1097,179,165,335,519
1376,1097,10,184,171,524
1377,1098,1019,191,1276,598
1378,1098,935,250,1127,569
1379,1098,712,271,919,526
1380,1098,527,295,708,506
1381,1098,160,155,328,516
1382,1098,1,178,157,523
1383,1099,1043,184,1280,600
1384,1099,951,240,1096,553
1385,1099,730,272,912,532
1386,1099,527,297,695,497
1387,1099,175,152,323,518
1388,1099,11,169,165,507
1389,1100,1031,184,1280,598
1390,1100,948,247,1097,569
1391,1100,733,268,916,529
1392,1100,529,289,707,508
1393,1100,164,156,320,524
1394,1100,8,180,167,523
1395,1101,1036,177,1279,592
1396,1101,949,241,1131,556
1397,1101,726,261,927,529
1398,1101,526,285,707,501
1399,1101,151,144,330,508
1400,1101,8,173,170,517
1401,1102,1043,165,1280,596
1402,1102,937,232,1132,568
1403,1102,725,266,923,527
1404,1102,515,282,708,493
1405,1102,151,147,330,519
1406,1102,6,159,149,524
1407,1103,1038,169,1280,589
1408,1103,947,226,1101,555
1409,1103,716,260,928,519
1410,1103,531,282,682,491
1411,1103,144,137,309,512
1412,1103,3,155,122,517
1413,1104,1036,163,1248,591
1414,1104,942,235,1102,558
1415,1104,713,265,914,530
1416,1104,520,284,691,487
1417,1104,135,137,304,519
1418,1104,15,155,129,521
1419,1105,1049,168,1236,591
1420,1105,951,233,1097,554
1421,1105,727,261,915,518
1422,1105,528,283,693,492
1423,1105,143,135,301,510
1424,1105,5,155,143,526
1425,1106,1043,155,1251,595
1426,1106,954,226,1103,555
1427,1106,731,260,922,526
1428,1106,537,278,697,498
1429,1106,129,132,283,512
1430,1106,1,148,122,526
1431,1107,1044,158,1253,593
1432,1107,952,225,1109,554
1433,1107,738,254,916,521
1434,1107,534,278,681,492
1435,1107,121,132,291,516
1436,1107,8,150,112,526
1437,1108,1060,148,1276,590
1438,1108,952,223,1115,546
1439,1108,738,251,924,516
1440,1108,543,276,698,499
1441,1108,128,135,293,515
1442,1108,5,152,124,525
1443,1109,1065,143,1280,591
1444,1109,958,217,1135,557
1445,1109,727,249,930,525
1446,1109,519,273,697,494
1447,1109,117,126,293,512
1448,1109,6,143,110,526
1449,1110,1081,140,1280,600
1450,1110,968,215,1139,545
1451,1110,749,248,937,527
1452,1110,534,276,713,496
1453,1110,129,130,293,519
1454,1110,10,144,126,530
1455,1111,1027,214,1183,568
1456,1111,790,256,986,530
1457,1111,586,278,753,493
1458,1111,167,130,328,518
1459,1111,2,144,154,531
1460,1112,1079,220,1219,556
1461,1112,829,260,1036,529
1462,1112,630,281,786,500
1463,1112,206,137,377,531
1464,1112,3,148,198,536
1465,1113,1095,218,1265,571
1466,1113,866,255,1065,541
1467,1113,651,282,817,497
1468,1113,248,141,406,525
1469,1113,13,151,232,542
1470,1114,1104,222,1280,562
1471,1114,875,250,1087,534
1472,1114,662,277,841,500
1473,1114,278,141,433,522
1474,1114,53,155,260,531
1475,1115,909,261,1127,544
1476,1115,697,277,846,505
1477,1115,306,142,460,526
1478,1115,84,157,294,544
1479,1116,906,252,1121,547
1480,1116,712,284,872,516
1481,1116,311,148,474,531
1482,1116,77,170,309,545
1483,1117,915,259,1122,551
1484,1117,1150,214,1280,608
1485,1117,702,282,873,515
1486,1117,310,150,471,532
1487,1117,57,169,312,545
1488,1118,895,260,1122,547
1489,1118,697,291,865,520
1490,1118,304,145,465,541
1491,1118,1,162,301,557
1492,1119,1170,225,1280,617
1493,1119,915,264,1121,559
1494,1119,680,292,872,516
1495,1119,293,150,461,541
1496,1119,1,176,301,551
1497,1120,1128,231,1280,624
1498,1120,907,266,1115,564
1499,1120,695,296,864,528
1500,1120,296,151,456,551
1501,1120,13,153,287,557
1502,1121,915,268,1135,568
1503,1121,696,300,874,526
1504,1121,279,133,462,548
1505,1121,43,147,273,563
1506,1122,906,274,1129,568
1507,1122,674,301,877,528
1508,1122,272,148,454,541
1509,1122,21,168,292,561
1510,1123,915,277,1130,566
1511,1123,706,306,870,538
1512,1123,279,152,466,556
1513,1123,22,168,275,567
1514,1124,924,279,1145,576
1515,1124,692,304,877,534
1516,1124,284,150,470,549
1517,1124,26,164,290,574
1518,1125,925,274,1145,572
1519,1125,699,302,879,541
1520,1125,277,150,451,556
1521,1125,19,163,275,573
1522,1126,918,266,1140,578
1523,1126,697,292,886,533
1524,1126,283,139,446,544
1525,1126,23,150,278,574
1526,1127,901,269,1132,568
1527,1127,701,301,863,528
1528,1127,284,145,450,549
1529,1127,2,156,239,573
1530,1128,918,266,1140,563
1531,1128,685,295,885,531
1532,1128,280,138,449,555
1533,1128,8,149,258,572
1534,1129,914,259,1142,569
1535,1129,693,286,875,533
1536,1129,208,131,442,565
1537,1129,2,136,236,576
1538,1130,920,257,1144,568
1539,1130,683,277,879,531
1540,1130,207,126,436,551
1541,1130,1,131,250,579
1542,1131,908,251,1143,567
1543,1131,674,290,871,538
1544,1131,238,134,442,559
1545,1131,1,144,248,576
1546,1132,915,259,1137,571
1547,1132,686,282,871,534
1548,1132,236,124,431,552
1549,1132,1,134,232,572
1550,1133,908,255,1147,568
1551,1133,684,283,872,536
1552,1133,195,119,432,553
1553,1133,6,134,239,564
1554,1134,917,251,1148,569
1555,1134,685,281,879,536
1556,1134,229,111,429,554
1557,1134,1,106,245,569
1558,1135,922,254,1156,567
1559,1135,694,273,866,526
1560,1135,232,104,428,556
1561,1135,1,119,236,582
1562,1136,936,236,1176,556
1563,1136,192,93,443,551
1564,1136,1,111,237,567
1565,1137,917,228,1165,558
1566,1137,676,272,891,523
1567,1137,206,87,439,550
1568,1137,1,115,226,573
1569,1138,908,232,1169,555
1570,1138,673,267,898,525
1571,1138,213,91,423,579
1572,1138,5,108,199,578
1573,1139,905,233,1159,569
1574,1139,673,276,874,527
1575,1139,208,100,423,554
1576,1139,4,110,219,579
1577,1140,926,233,1164,559
1578,1140,679,267,875,524
1579,1140,175,99,407,563
1580,1140,4,108,179,578
1581,1141,930,233,1170,567
1582,1141,678,269,879,525
1583,1141,184,90,403,554
1584,1141,8,103,181,588
1585,1142,917,232,1169,577
1586,1142,677,266,878,529
1587,1142,164,89,415,563
1588,1142,1,97,207,580
1589,1143,101,81,398,563
1590,1143,644,261,871,531
1591,1143,900,227,1162,569
1592,1144,916,228,1166,570
1593,1144,663,255,870,529
1594,1144,91,92,394,570
1595,1145,926,235,1161,576
1596,1145,670,268,868,532
1597,1145,125,70,391,564
1598,1146,914,235,1176,569
1599,1146,677,269,885,524
1600,1146,125,71,390,566
1601,1147,899,224,1165,575
1602,1147,662,262,855,530
1603,1147,106,71,371,573
1604,1148,849,219,1129,568
1605,1148,600,253,836,530
1606,1148,23,48,338,563
1607,1149,821,219,1077,563
1608,1149,573,258,792,521
1609,1149,11,48,312,561
1610,1150,1105,166,1280,597
1611,1150,815,218,1054,562
1612,1150,558,253,765,513
1613,1150,1,53,265,562
1614,1151,1063,171,1280,642
1615,1151,772,212,1017,561
1616,1151,523,249,727,525
1617,1151,1,38,229,565
1618,1152,1023,155,1280,616
1619,1152,743,219,988,559
1620,1152,516,254,712,518
1621,1152,4,38,218,567
1622,1153,1071,152,1280,597
1623,1153,778,215,994,543
1624,1153,523,248,712,517
1625,1153,1,39,241,559
1626,1154,1070,168,1280,598
1627,1154,765,218,1010,557
1628,1154,522,256,717,520
1629,1154,1,40,240,571
1630,1155,1072,148,1280,602
1631,1155,759,218,1036,555
1632,1155,500,227,729,519
1633,1155,1,30,224,563
1634,1156,1036,165,1280,605
1635,1156,761,220,1017,556
1636,1156,510,252,712,521
1637,1156,3,32,213,564
1638,1157,1068,161,1280,606
1639,1157,768,219,1020,570
1640,1157,502,254,706,521
1641,1157,1,25,198,563
1642,1158,1070,148,1280,612
1643,1158,775,222,1010,569
1644,1158,497,255,727,521
1645,1159,1026,141,1280,610
1646,1159,761,210,1002,569
1647,1159,504,238,712,529
1648,1160,1072,155,1280,618
1649,1160,751,207,1008,570
1650,1160,486,233,703,526
1651,1161,1064,155,1280,617
1652,1161,741,220,1023,572
1653,1161,500,247,701,533
1654,1161,3,19,181,578
1655,1162,1078,155,1280,615
1656,1162,765,217,1008,576
1657,1162,499,243,689,528
1658,1163,772,210,1015,569
1659,1163,502,255,704,531
1660,1163,1097,157,1280,626
1661,1164,1101,143,1280,619
1662,1164,779,207,1017,578
1663,1164,479,246,707,534
1664,1165,1088,134,1280,610
1665,1165,724,203,1023,572
1666,1165,496,236,701,526
1667,1166,1083,134,1280,620
1668,1166,761,207,1025,570
1669,1166,489,241,696,534
1670,1167,763,198,1034,569
1671,1167,490,241,700,516
1672,1167,1097,139,1280,616
1673,1168,771,199,1026,569
1674,1168,474,237,695,521
1675,1168,1101,120,1280,619
1676,1169,1108,112,1280,609
1677,1169,758,188,1014,557
1678,1169,493,233,696,517
1679,1170,776,181,1014,555
1680,1170,493,231,701,518
1681,1170,1103,112,1280,610
1682,1171,738,184,1021,568
1683,1171,481,225,686,520
1684,1171,1090,110,1280,620
1685,1172,1106,116,1280,625
1686,1172,759,188,1019,576
1687,1172,470,233,686,519
1688,1173,1099,111,1280,628
1689,1173,764,180,1023,573
1690,1173,480,224,693,539
1691,1174,1124,119,1280,632
1692,1174,726,184,1022,567
1693,1174,473,223,690,523
1694,1175,780,195,1041,576
1695,1175,1133,100,1280,628
1696,1175,486,225,690,530
1697,1176,783,184,1049,567
1698,1176,503,227,692,522
1699,1177,815,175,1084,565
1700,1177,539,231,742,519
1701,1178,867,179,1147,585
1702,1178,582,225,773,532
1703,1179,908,183,1178,574
1704,1179,623,225,802,526
1705,1180,929,186,1211,578
1706,1180,639,219,843,534
1707,1181,941,162,1225,586
1708,1181,637,227,846,530
1709,1182,970,175,1271,594
1710,1182,669,225,886,532
1711,1183,978,174,1265,603
1712,1183,660,228,879,534
1713,1184,960,170,1280,591
1714,1184,665,227,879,530
1715,1185,956,173,1280,602
1716,1185,659,226,877,546
1717,1186,943,172,1248,587
1718,1186,632,219,858,534
1719,1187,889,169,1179,584
1720,1187,597,224,815,544
1721,1188,855,184,1158,591
1722,1188,563,223,787,535
1723,1189,834,170,1129,582
1724,1189,543,223,774,535
1725,1190,822,176,1116,587
1726,1190,513,225,750,540
1727,1191,801,176,1124,588
1728,1191,510,218,773,541
1729,1192,815,171,1115,598
1730,1192,514,215,758,545
1731,1193,816,179,1112,598
1732,1193,513,216,752,546
1733,1194,794,176,1133,603
1734,1194,503,225,746,543
1735,1195,796,179,1120,604
1736,1195,515,227,728,557
1737,1196,824,180,1127,601
1738,1196,514,230,722,556
1739,1197,812,168,1108,608
1740,1197,506,230,748,557
1741,1198,829,174,1131,612
1742,1198,518,224,743,555
1743,1199,824,171,1140,613
1744,1199,513,228,746,554
1745,1200,828,161,1146,617
1746,1200,519,219,741,548
1747,1201,832,168,1132,605
1748,1201,508,226,739,560
1749,1202,827,161,1154,614
1750,1202,509,217,736,557
1751,1203,842,163,1144,619
1752,1203,512,221,752,550
1753,1204,831,151,1143,611
1754,1204,501,209,733,558
1755,1205,807,162,1150,619
1756,1205,496,223,734,557
1757,1206,843,157,1165,624
1758,1206,511,219,753,568
1759,1207,873,161,1213,638
1760,1207,544,220,784,568
1761,1208,923,154,1258,637
1762,1208,579,219,817,576
1763,1209,943,149,1279,647
1764,1209,604,222,832,572
1765,1210,988,154,1280,651
1766,1210,617,217,880,578
1767,1211,1030,162,1280,650
1768,1211,677,232,919,585
1769,1212,1044,150,1280,653
1770,1212,700,234,947,578
1771,1213,708,220,952,579
1772,1214,702,242,959,588
1773,1215,689,227,968,584
1774,1216,715,222,964,576
1775,1217,708,220,965,584
1776,1218,711,219,965,590
1777,1219,696,218,958,587
1778,1220,677,217,961,582
1779,1221,691,219,965,590
1780,1222,676,217,956,587
1781,1223,665,219,959,594
1782,1224,664,212,965,594
1783,1225,687,205,961,590
1784,1226,700,207,968,594
1785,1227,692,206,972,603
1786,1228,698,202,978,589
1787,1229,643,200,970,592
1788,1230,674,194,973,590
1789,1231,636,197,972,593
1790,1232,593,187,958,586
1791,1233,629,191,922,597
1792,1234,591,190,884,589
1793,1234,1019,82,1280,717
1794,1235,569,192,843,585
1795,1235,992,84,1280,704
1796,1236,559,184,825,594
1797,1236,975,87,1280,683
1798,1237,543,188,813,587
1799,1237,949,92,1280,685
1800,1238,949,87,1280,682
1801,1238,529,181,813,584
1802,1239,924,108,1280,676
1803,1239,514,185,788,584
1804,1240,921,91,1280,683
1805,1240,502,189,795,596
1806,1241,908,85,1280,690
1807,1241,493,191,783,592
1808,1242,915,90,1280,691
1809,1242,498,191,777,595
1810,1243,921,71,1280,692
1811,1243,500,180,791,588
1812,1244,921,79,1280,692
1813,1244,496,171,782,591
1814,1245,922,77,1280,691
1815,1245,495,154,783,589
1816,1246,945,55,1280,688
1817,1246,501,152,788,592
1818,1247,916,41,1280,688
1819,1247,499,155,788,586
1820,1248,936,41,1280,692
1821,1248,494,139,789,580
1822,1249,941,34,1280,691
1823,1249,495,134,784,581
1824,1250,937,21,1280,698
1825,1250,465,127,774,583
1826,1251,947,17,1280,684
1827,1251,488,134,790,591
1828,1252,943,8,1280,694
1829,1252,491,135,789,588
1830,1253,908,4,1280,696
1831,1253,473,124,786,598
1832,1254,957,4,1280,712
1833,1254,478,126,783,594
1834,1255,931,5,1276,720
1835,1255,467,131,780,598
1836,1256,948,5,1280,707
1837,1256,455,127,797,592
1838,1257,455,124,787,597
1839,1257,940,1,1279,720
1840,1258,437,119,777,585
1841,1259,415,119,748,590
1842,1260,358,110,698,591
1843,1261,320,77,674,575
1844,1261,821,4,1280,720
1845,1262,322,91,656,581
1846,1262,811,1,1280,698
1847,1263,326,108,646,590
1848,1264,789,1,1255,704
1849,1265,291,90,631,579
1850,1265,798,5,1269,681
1851,1266,293,98,609,571
1852,1266,786,1,1280,687
1853,1267,321,99,658,589
1854,1267,829,4,1276,700
1855,1268,339,98,698,580
1856,1268,848,1,1280,703
1857,1269,361,101,722,585
1858,1269,895,1,1280,703
1859,1270,397,107,730,588
1860,1271,373,105,721,600
1861,1272,379,104,721,600
1862,1273,364,98,729,598
1863,1274,366,95,718,609
1864,1275,373,93,719,625
1865,1276,358,92,715,625
1866,1277,355,84,714,612
1867,1278,356,82,722,619
1868,1279,358,81,722,622
1869,1280,344,80,721,614
1870,1281,349,75,723,619
1871,1282,390,81,752,627
1872,1283,425,84,793,634
1873,1284,464,85,836,634
1874,1285,479,69,860,639
1875,1286,482,86,861,654
1876,1287,475,79,857,641
1877,1288,495,79,858,630
1878,1289,501,76,877,645
1879,1290,509,91,874,641
1880,1291,501,87,882,652
1881,1292,497,74,870,648
1882,1293,493,78,874,648
1883,1294,465,72,872,651
1884,1295,472,68,871,652
1885,1296,458,70,866,653
1886,1297,472,62,876,653
1887,1298,450,73,871,654
1888,1299,441,69,868,655
1889,1300,453,71,870,652
1890,1301,458,64,871,661
1891,1302,419,63,870,659
1892,1303,479,55,872,657
1893,1304,458,57,876,661
1894,1305,467,46,871,655
1895,1306,467,41,880,649
1896,1307,468,43,872,652
1897,1308,468,40,880,674
1898,1309,472,41,874,655
1899,1310,468,44,874,653
1900,1311,479,41,876,641
1901,1312,468,41,879,652
1902,1313,472,40,881,655
1903,1314,472,41,870,658
1904,1315,467,38,877,660
1905,1316,472,41,873,651
1906,1317,466,39,874,655
1907,1318,472,42,872,664
1908,1319,464,41,874,655
1909,1320,470,43,877,654
1910,1321,472,39,871,648
1911,1322,468,44,873,652
1912,1323,479,40,877,655
1913,1324,464,29,884,668
1914,1325,462,42,878,662
1915,1326,457,34,879,661
1916,1327,460,35,885,669
1917,1328,478,35,881,665
1918,1329,449,33,875,660
1919,1330,448,36,886,658
1920,1331,443,37,881,653
1921,1332,480,38,880,650
1922,1333,468,33,880,651
1923,1334,469,34,885,650
1924,1335,472,31,876,661
1925,1336,475,34,877,651
1926,1337,473,46,878,645
1927,1338,470,42,874,659
1928,1339,464,56,875,659
1929,1340,471,39,876,652
1930,1341,474,28,878,664
1931,1342,473,29,880,663
1932,1343,466,32,877,667
