,image,xmin,ymin,xmax,ymax
0,0,339,61,783,662
1,1,383,43,773,641
2,2,385,48,770,641
3,2,1017,4,1280,720
4,3,380,54,773,645
5,3,1015,2,1280,720
6,4,384,64,759,638
7,4,1010,1,1280,720
8,5,380,55,766,637
9,5,1021,3,1280,720
10,6,386,62,772,640
11,6,1015,1,1280,720
12,7,382,60,772,641
13,7,1015,3,1280,720
14,8,385,65,769,640
15,8,1015,5,1280,720
16,9,384,71,772,641
17,9,1012,1,1278,719
18,10,383,65,769,641
19,10,1003,2,1280,720
20,11,385,50,772,641
21,11,1015,1,1277,719
22,12,385,76,770,641
23,12,1015,1,1280,720
24,13,385,46,772,641
25,13,1018,1,1280,720
26,14,386,61,771,641
27,14,1015,1,1280,720
28,15,384,60,768,642
29,15,1018,1,1280,720
30,16,387,64,768,644
31,16,1018,1,1280,720
32,17,386,64,771,641
33,17,1014,1,1280,720
34,18,383,61,774,641
35,18,1017,1,1280,720
36,19,386,68,769,639
37,19,1018,1,1280,720
38,20,384,67,770,641
39,20,1017,1,1275,719
40,21,383,60,768,638
41,21,1009,1,1280,720
42,22,379,63,771,644
43,22,1014,1,1257,695
44,23,384,60,774,641
45,23,1016,4,1280,720
46,24,382,66,772,644
47,24,1021,3,1275,720
48,25,386,63,779,644
49,25,1024,1,1280,720
50,26,383,59,772,639
51,26,1014,1,1280,720
52,27,384,64,775,640
53,27,1019,4,1280,720
54,28,381,63,773,643
55,28,1014,2,1280,720
56,29,374,63,758,648
57,29,1008,1,1280,720
58,30,367,69,764,643
59,30,1010,3,1280,720
60,31,371,75,761,643
61,31,1012,2,1280,720
62,32,373,52,766,648
63,32,1021,1,1280,720
64,33,355,47,763,645
65,33,1023,6,1279,720
66,34,367,38,775,651
67,34,1037,1,1280,720
68,35,347,36,764,651
69,35,1041,1,1280,720
70,36,346,26,765,648
71,36,1049,4,1280,720
72,37,347,17,764,652
73,37,1052,4,1280,720
74,38,336,15,760,655
75,38,1051,3,1280,720
76,39,333,27,760,656
77,39,1063,1,1280,720
78,40,315,6,759,665
79,40,1062,1,1280,720
80,41,316,3,753,665
81,41,1070,5,1280,720
82,42,314,1,766,671
83,42,1086,2,1280,720
84,43,301,1,761,674
85,43,1089,1,1280,720
86,44,299,1,761,679
87,44,1095,10,1280,720
88,45,301,1,769,680
89,45,1113,4,1280,720
90,46,299,2,772,681
91,47,287,1,776,679
92,48,323,3,810,689
93,49,359,1,854,688
94,50,406,3,897,698
95,51,439,1,923,698
96,52,471,1,961,696
97,53,508,1,993,705
98,54,527,1,1022,707
99,55,541,2,1036,714
100,56,529,1,1033,715
101,57,530,2,1032,719
102,58,524,1,1036,714
103,59,524,1,1041,720
104,60,519,2,1036,720
105,61,515,2,1046,720
106,62,515,2,1055,720
107,63,522,2,1065,720
108,64,506,2,1070,720
109,65,501,1,1069,720
110,66,497,3,1078,720
111,67,501,1,1078,720
112,68,486,3,1086,720
113,69,465,1,1092,720
114,70,471,1,1093,720
115,71,472,1,1101,718
116,72,530,3,1183,720
117,73,563,3,1234,720
118,74,602,3,1274,720
119,75,632,1,1280,720
120,76,657,1,1280,720
121,77,709,1,1280,720
122,78,745,2,1280,720
123,79,781,1,1280,720
124,80,834,16,1280,720
125,81,876,1,1280,720
126,82,,,,
127,83,,,,
128,84,,,,
129,85,1,29,221,552
130,86,1,26,215,548
131,87,1,16,242,560
132,88,1,31,244,557
133,89,1,46,203,566
134,90,1,61,206,570
135,91,1,62,201,579
136,92,1,85,203,574
137,93,1,104,199,584
138,94,,,,
139,95,1,188,165,581
140,96,1,205,182,580
141,97,1,198,159,595
142,98,1,188,159,580
143,99,,,,
144,100,,,,
145,101,,,,
146,102,,,,
147,103,,,,
148,104,,,,
149,105,,,,
150,106,,,,
151,107,,,,
152,108,,,,
153,109,,,,
154,110,1,1,303,598
155,111,1,1,360,598
156,112,17,1,371,607
157,113,49,1,399,606
158,114,101,2,428,592
159,115,117,1,464,609
160,116,116,1,460,606
161,117,117,1,472,610
162,118,110,1,463,607
163,119,99,1,460,599
164,120,86,1,461,605
165,121,,,,
166,122,65,1,453,611
167,123,62,1,448,609
168,124,43,1,437,614
169,125,43,1,443,622
170,126,30,1,440,607
171,127,27,4,425,617
172,128,29,1,436,621
173,129,25,1,423,629
174,130,17,1,418,626
175,131,3,1,409,626
176,132,9,1,390,620
177,133,5,1,387,626
178,134,1,1,399,632
179,135,1,2,393,629
180,136,1,1,444,643
181,137,67,2,491,634
182,138,100,5,538,634
183,139,117,2,537,641
184,140,169,1,624,636
185,141,217,1,643,635
186,142,262,1,677,639
187,143,287,2,693,642
188,144,351,1,765,645
189,145,389,1,775,650
190,146,437,1,834,653
191,147,473,1,867,654
192,147,1,210,149,498
193,148,490,1,906,664
194,148,1,206,161,494
195,149,515,2,922,662
196,149,1,205,197,501
197,150,1,208,186,496
198,150,506,3,901,660
199,151,1,211,194,496
200,151,503,3,915,666
201,152,1,208,190,498
202,152,530,1,929,671
203,153,1,207,190,499
204,153,543,2,935,678
205,154,1,200,177,495
206,154,502,1,931,669
207,155,1,202,186,504
208,155,498,1,936,671
209,156,1,199,184,500
210,156,493,5,941,675
211,157,2,200,164,503
212,157,480,1,936,681
213,158,1,201,151,491
214,158,472,1,919,678
215,159,1,197,155,501
216,159,477,1,942,688
217,160,1,196,158,499
218,160,468,1,933,692
219,161,1,201,137,503
220,161,462,5,941,701
221,162,1,198,135,505
222,162,465,1,963,714
223,163,1,204,139,508
224,163,455,2,953,708
225,164,1,205,153,505
226,164,455,2,964,720
227,165,1,207,158,511
228,165,456,1,968,719
229,166,1,204,134,526
230,166,451,3,962,720
231,167,1,213,122,517
232,167,442,5,969,720
233,168,1,215,131,519
234,168,429,1,980,720
235,169,430,1,974,720
236,169,1,259,120,523
237,170,421,2,973,720
238,170,1,277,127,521
239,171,422,1,993,720
240,171,1,276,126,519
241,172,416,1,992,720
242,172,1,279,104,522
243,173,439,2,1007,720
244,173,1,274,121,516
245,174,476,3,1029,720
246,174,1,208,158,525
247,175,519,3,1095,720
248,175,1,200,196,527
249,176,545,3,1149,720
250,176,1,199,229,526
251,177,2,205,250,519
252,177,572,2,1172,720
253,178,29,208,289,525
254,178,607,4,1221,720
255,179,70,209,329,526
256,179,651,2,1279,720
257,180,106,213,369,531
258,180,714,2,1280,720
259,181,156,217,418,540
260,181,757,1,1280,720
261,182,200,220,452,524
262,182,791,2,1277,720
263,183,,,,
264,184,283,227,537,537
265,184,858,5,1280,720
266,185,318,231,561,535
267,186,351,234,601,535
268,186,1,179,175,497
269,187,343,234,590,540
270,187,2,182,166,498
271,188,350,230,596,537
272,188,1,178,177,501
273,189,343,223,588,519
274,189,1,172,164,493
275,190,342,230,579,522
276,190,1,178,177,491
277,191,,,,
278,192,329,214,586,530
279,192,1,161,153,496
280,193,321,212,569,529
281,193,1,155,143,493
282,194,324,214,579,530
283,194,1,161,134,491
284,195,315,213,566,527
285,195,1,163,133,490
286,196,330,210,577,534
287,196,1,161,137,500
288,197,362,212,610,534
289,197,1,162,184,496
290,198,404,215,650,529
291,198,29,163,218,499
292,199,439,212,686,538
293,199,75,169,265,499
294,200,103,166,287,500
295,200,466,218,717,540
296,201,500,224,759,540
297,201,144,173,344,509
298,202,190,182,372,501
299,202,541,226,780,547
300,203,585,226,822,547
301,203,238,187,413,510
302,204,258,191,440,518
303,204,606,229,840,551
304,205,284,190,460,511
305,205,626,219,881,560
306,206,279,191,454,516
307,206,624,231,879,558
308,207,282,193,443,509
309,207,623,230,878,557
310,208,272,188,446,504
311,208,623,226,879,545
312,209,273,185,448,510
313,209,618,218,872,541
314,210,272,186,437,505
315,210,618,215,872,548
316,211,267,184,436,503
317,211,615,215,866,546
318,212,259,186,433,513
319,212,615,219,874,554
320,213,244,182,423,517
321,213,610,214,861,562
322,214,243,187,423,519
323,214,603,221,871,571
324,215,243,189,417,525
325,215,605,218,854,577
326,216,230,191,429,526
327,216,597,232,872,582
328,217,236,195,410,528
329,217,601,234,873,580
330,218,248,195,422,529
331,218,608,235,883,589
332,219,226,204,418,509
333,219,584,243,875,564
334,220,615,226,893,587
335,220,231,182,444,535
336,221,279,194,475,526
337,221,658,226,936,586
338,222,306,193,498,534
339,222,690,224,965,596
340,223,354,196,558,539
341,223,738,226,1018,594
342,224,342,199,548,543
343,224,725,229,1003,595
344,225,347,197,532,545
345,225,721,227,1000,595
346,226,355,212,542,555
347,226,728,226,1008,608
348,227,338,184,530,541
349,227,719,221,1003,605
350,228,351,196,527,541
351,228,718,225,1021,603
352,229,353,190,534,538
353,229,731,222,1025,602
354,230,331,198,527,550
355,230,717,228,1019,608
356,231,341,178,522,538
357,231,720,207,1029,605
358,232,326,185,526,545
359,232,717,211,1022,610
360,233,343,168,527,541
361,233,727,209,1035,601
362,234,329,181,520,548
363,234,724,205,1028,605
364,235,315,177,513,543
365,235,722,195,1036,600
366,236,315,174,511,541
367,236,714,191,1023,608
368,237,308,168,508,536
369,237,716,185,1030,591
370,238,316,162,520,533
371,238,716,192,1029,596
372,239,317,172,526,535
373,239,715,192,1046,598
374,240,299,163,500,537
375,240,717,187,1036,611
376,241,287,150,501,541
377,241,715,182,1039,608
378,242,290,148,501,541
379,242,713,175,1053,612
380,243,295,149,515,541
381,243,719,177,1063,619
382,244,289,141,501,545
383,244,715,174,1058,614
384,245,284,141,509,535
385,245,715,169,1060,617
386,246,274,145,497,533
387,246,709,172,1053,605
388,247,279,136,502,549
389,247,711,164,1069,623
390,248,264,136,491,548
391,248,701,160,1065,618
392,249,269,133,483,545
393,249,715,156,1072,619
394,250,261,130,479,544
395,250,706,157,1064,627
396,251,258,147,478,549
397,251,706,165,1067,642
398,252,252,132,471,548
399,252,700,155,1060,642
400,253,241,126,471,551
401,253,704,154,1069,635
402,254,237,121,478,562
403,254,712,148,1088,643
404,255,232,119,474,555
405,255,716,141,1089,641
406,256,231,117,466,562
407,256,708,133,1086,639
408,257,228,118,457,567
409,257,703,134,1097,649
410,258,207,107,446,555
411,258,694,134,1072,648
412,259,215,119,461,574
413,259,715,137,1092,651
414,260,215,100,451,575
415,260,699,129,1102,661
416,261,208,114,451,570
417,261,694,124,1092,648
418,262,195,112,448,580
419,262,695,119,1111,667
420,263,201,119,443,575
421,263,693,124,1104,662
422,264,193,112,437,569
423,264,700,120,1125,664
424,265,193,95,440,562
425,265,701,105,1116,658
426,266,189,102,450,562
427,266,707,108,1132,657
428,267,187,86,438,557
429,267,704,84,1134,655
430,268,205,98,475,562
431,268,759,80,1190,666
432,269,279,84,536,558
433,269,806,72,1247,676
434,270,308,87,553,562
435,270,837,75,1279,674
436,271,336,84,568,563
437,271,846,66,1280,672
438,272,353,80,608,560
439,272,887,63,1280,679
440,273,398,86,647,567
441,273,929,65,1280,675
442,274,416,94,686,569
443,274,975,63,1280,679
444,275,465,97,725,569
445,275,1013,63,1280,682
446,276,491,97,765,571
447,276,1053,60,1280,680
448,277,549,100,793,574
449,277,1085,50,1280,657
450,278,568,100,819,569
451,278,1127,58,1280,655
452,279,574,104,822,575
453,280,570,91,835,569
454,281,572,105,830,576
455,282,569,89,820,569
456,283,556,96,822,576
457,284,562,94,824,578
458,285,573,84,828,576
459,286,572,88,824,584
460,287,572,87,824,584
461,288,572,77,825,586
462,289,560,74,825,591
463,290,560,69,820,593
464,291,557,69,823,600
465,292,546,74,820,610
466,293,554,73,822,605
467,294,546,70,822,617
468,295,548,79,820,634
469,296,546,65,829,616
470,297,545,65,825,619
471,298,546,53,822,614
472,299,549,45,836,611
473,300,543,32,829,598
474,301,532,17,833,594
475,302,546,8,868,596
476,303,605,1,915,594
477,304,653,1,940,598
478,305,663,1,985,596
479,306,693,3,1032,604
480,307,736,9,1057,610
481,308,772,3,1100,612
482,309,808,2,1129,614
483,310,847,1,1190,617
484,311,872,1,1245,620
485,312,937,2,1280,630
486,313,,,,
487,314,1014,3,1280,639
488,315,1041,2,1280,641
489,316,1062,1,1280,645
490,317,1061,1,1280,641
491,318,1058,1,1280,655
492,319,1062,2,1280,650
493,320,1074,1,1280,667
494,321,1075,5,1280,666
495,322,1076,5,1280,668
496,323,1074,3,1280,678
497,324,1073,1,1280,683
498,325,1077,1,1280,688
499,326,1086,5,1280,696
500,327,1099,2,1280,693
501,328,1096,4,1280,712
502,329,1097,2,1280,695
503,330,1115,1,1280,704
504,331,,,,
505,332,,,,
506,333,,,,
507,334,,,,
508,335,,,,
509,336,,,,
510,337,,,,
511,338,,,,
512,339,,,,
513,340,,,,
514,341,,,,
515,342,,,,
516,343,,,,
517,344,,,,
518,345,,,,
519,346,,,,
520,347,,,,
521,348,,,,
522,349,,,,
523,350,,,,
524,351,,,,
525,352,,,,
526,353,,,,
527,354,,,,
528,355,,,,
529,356,,,,
530,357,,,,
531,358,,,,
532,359,,,,
533,360,,,,
534,361,,,,
535,362,,,,
536,363,,,,
537,364,,,,
538,365,,,,
539,366,,,,
540,367,,,,
541,368,,,,
542,369,,,,
543,370,,,,
544,371,,,,
545,372,,,,
546,373,,,,
547,374,,,,
548,375,,,,
549,376,,,,
550,377,,,,
551,378,,,,
552,379,,,,
553,380,,,,
554,381,,,,
555,382,,,,
556,383,,,,
557,384,,,,
558,385,,,,
559,386,6,70,222,565
560,387,3,75,255,567
561,388,1,67,285,567
562,389,1,64,254,580
563,390,1,60,245,563
564,391,1,42,271,567
565,392,2,42,236,564
566,393,1,35,209,557
567,394,1,34,219,569
568,395,1,26,202,562
569,396,3,25,222,566
570,397,1,17,205,570
571,398,1,19,221,571
572,399,1,15,219,579
573,400,1,16,207,569
574,401,1,15,201,581
575,402,1,16,193,582
576,403,1,3,181,592
577,404,3,1,179,591
578,405,1,1,172,604
579,406,3,1,166,603
580,407,1,4,159,591
581,408,2,2,154,601
582,409,3,2,184,617
583,410,1,2,167,605
584,411,,,,
585,412,,,,
586,413,,,,
587,414,,,,
588,415,,,,
589,416,,,,
590,417,,,,
591,418,,,,
592,419,,,,
593,420,,,,
594,421,,,,
595,422,,,,
596,423,,,,
597,424,,,,
598,425,,,,
599,426,,,,
600,427,,,,
601,428,,,,
602,429,,,,
603,430,,,,
604,431,,,,
605,432,,,,
606,433,,,,
607,434,,,,
608,435,,,,
609,436,,,,
610,437,,,,
611,438,,,,
612,439,,,,
613,440,,,,
614,441,,,,
615,442,,,,
616,443,,,,
617,444,,,,
618,445,,,,
619,446,,,,
620,447,,,,
621,448,,,,
622,449,,,,
623,450,,,,
624,451,,,,
625,452,,,,
626,453,,,,
627,454,,,,
628,455,,,,
629,456,,,,
630,457,,,,
631,458,,,,
632,459,,,,
633,460,,,,
634,461,,,,
635,462,,,,
636,463,,,,
637,464,,,,
638,465,,,,
639,466,,,,
640,467,,,,
641,468,,,,
642,469,,,,
643,470,,,,
644,471,,,,
645,472,,,,
646,473,,,,
647,474,,,,
648,475,,,,
649,476,,,,
650,477,,,,
651,478,,,,
652,479,,,,
653,480,,,,
654,481,,,,
655,482,,,,
656,483,,,,
657,484,,,,
658,485,,,,
659,486,,,,
660,487,,,,
661,488,,,,
662,489,,,,
663,490,,,,
664,491,,,,
665,492,,,,
666,493,,,,
667,494,,,,
668,495,,,,
669,496,,,,
670,497,,,,
671,498,,,,
672,499,,,,
673,500,,,,
674,501,,,,
675,502,,,,
676,503,,,,
677,504,,,,
678,505,,,,
679,506,,,,
680,507,,,,
681,508,,,,
682,509,,,,
683,510,,,,
684,511,,,,
685,512,,,,
686,513,,,,
687,514,,,,
688,515,,,,
689,516,,,,
690,517,,,,
691,518,,,,
692,519,,,,
693,520,,,,
694,521,,,,
695,522,,,,
696,523,,,,
697,524,,,,
698,525,,,,
699,526,,,,
700,527,,,,
701,528,,,,
702,529,,,,
703,530,,,,
704,531,,,,
705,532,,,,
706,533,,,,
707,534,,,,
708,535,,,,
709,536,,,,
710,537,,,,
711,538,,,,
712,539,,,,
713,540,,,,
714,541,,,,
715,542,,,,
716,543,,,,
717,544,,,,
718,545,,,,
719,546,,,,
720,547,,,,
721,548,,,,
722,549,,,,
723,550,,,,
724,551,,,,
725,552,,,,
726,553,,,,
727,554,,,,
728,555,,,,
729,556,,,,
730,557,,,,
731,558,,,,
732,559,,,,
733,560,,,,
734,561,,,,
735,562,,,,
736,563,,,,
737,564,,,,
738,565,,,,
739,566,,,,
740,567,,,,
741,568,,,,
742,569,,,,
743,570,,,,
744,571,,,,
745,572,,,,
746,573,,,,
747,574,,,,
748,575,,,,
749,576,,,,
750,577,,,,
751,578,,,,
752,579,,,,
753,580,,,,
754,581,,,,
755,582,,,,
756,583,,,,
757,584,,,,
758,585,,,,
759,586,,,,
760,587,,,,
761,588,,,,
762,589,,,,
763,590,,,,
764,591,,,,
765,592,,,,
766,593,,,,
767,594,,,,
768,595,,,,
769,596,,,,
770,597,,,,
771,598,,,,
772,599,,,,
773,600,,,,
774,601,,,,
775,602,,,,
776,603,,,,
777,604,,,,
778,605,,,,
779,606,,,,
780,607,,,,
781,608,,,,
782,609,,,,
783,610,,,,
784,611,,,,
785,612,,,,
786,613,,,,
787,614,,,,
788,615,,,,
789,616,,,,
790,617,,,,
791,618,,,,
792,619,,,,
793,620,,,,
794,621,,,,
795,622,,,,
796,623,,,,
797,624,,,,
798,625,,,,
799,626,,,,
800,627,,,,
801,628,,,,
802,629,,,,
803,630,,,,
804,631,,,,
805,632,,,,
806,633,,,,
807,634,,,,
808,635,,,,
809,636,,,,
810,637,,,,
811,638,,,,
812,639,,,,
813,640,,,,
814,641,,,,
815,642,,,,
816,643,,,,
817,644,,,,
818,645,,,,
819,646,,,,
820,647,,,,
821,648,,,,
822,649,,,,
823,650,,,,
824,651,,,,
825,652,,,,
826,653,,,,
827,654,,,,
828,655,,,,
829,656,,,,
830,657,,,,
831,658,,,,
832,659,,,,
833,660,,,,
834,661,,,,
835,662,,,,
836,663,,,,
837,664,,,,
838,665,,,,
839,666,,,,
840,667,,,,
841,668,,,,
842,669,,,,
843,670,,,,
844,671,,,,
845,672,,,,
846,673,,,,
847,674,,,,
848,675,,,,
849,676,,,,
850,677,,,,
851,678,,,,
852,679,,,,
853,680,,,,
854,681,,,,
855,682,,,,
856,683,,,,
857,684,,,,
858,685,,,,
859,686,,,,
860,687,,,,
861,688,,,,
862,689,,,,
863,690,,,,
864,691,,,,
865,692,,,,
866,693,,,,
867,694,,,,
868,695,,,,
869,696,,,,
870,697,,,,
871,698,,,,
872,699,,,,
873,700,,,,
874,701,,,,
875,702,,,,
876,703,,,,
877,704,,,,
878,705,,,,
879,706,,,,
880,707,,,,
881,708,,,,
882,709,,,,
883,710,,,,
884,711,,,,
885,712,,,,
886,713,,,,
887,714,,,,
888,715,,,,
889,716,,,,
890,717,,,,
891,718,,,,
892,719,,,,
893,720,,,,
894,721,,,,
895,722,,,,
896,723,,,,
897,724,,,,
898,725,,,,
899,726,,,,
900,727,,,,
901,728,,,,
902,729,,,,
903,730,,,,
904,731,,,,
905,732,,,,
906,733,,,,
907,734,,,,
908,735,,,,
909,736,,,,
910,737,,,,
911,738,,,,
912,739,,,,
913,740,,,,
914,741,,,,
915,742,,,,
916,743,,,,
917,744,,,,
918,745,,,,
919,746,,,,
920,747,,,,
921,748,,,,
922,749,,,,
923,750,,,,
924,751,,,,
925,752,,,,
926,753,,,,
927,754,,,,
928,755,,,,
929,756,,,,
930,757,,,,
931,758,,,,
932,759,,,,
933,760,,,,
934,761,,,,
935,762,,,,
936,763,,,,
937,764,,,,
938,765,,,,
939,766,,,,
940,767,,,,
941,768,,,,
942,769,,,,
943,770,,,,
944,771,,,,
945,772,,,,
946,773,,,,
947,774,,,,
948,775,,,,
949,776,,,,
950,777,,,,
951,778,,,,
952,779,,,,
953,780,,,,
954,781,,,,
955,782,,,,
956,783,,,,
957,784,,,,
958,785,,,,
959,786,,,,
960,787,,,,
961,788,,,,
962,789,,,,
963,790,,,,
964,791,,,,
965,792,,,,
966,793,,,,
967,794,,,,
968,795,,,,
969,796,,,,
970,797,,,,
971,798,,,,
972,799,,,,
973,800,,,,
974,801,,,,
975,802,,,,
976,803,,,,
977,804,,,,
978,805,,,,
979,806,,,,
980,807,,,,
981,808,,,,
982,809,,,,
983,810,,,,
984,811,,,,
985,812,,,,
986,813,,,,
987,814,,,,
988,815,,,,
989,816,,,,
990,817,,,,
991,818,,,,
992,819,,,,
993,820,,,,
994,821,,,,
995,822,,,,
996,823,,,,
997,824,,,,
998,825,,,,
999,826,,,,
1000,827,,,,
1001,828,,,,
1002,829,,,,
1003,830,,,,
1004,831,,,,
1005,832,,,,
1006,833,,,,
1007,834,,,,
1008,835,,,,
1009,836,,,,
1010,837,,,,
1011,838,,,,
1012,839,,,,
1013,840,,,,
1014,841,,,,
1015,842,,,,
1016,843,,,,
1017,844,,,,
1018,845,,,,
1019,846,,,,
1020,847,,,,
1021,848,,,,
1022,849,,,,
1023,850,,,,
1024,851,,,,
1025,852,,,,
1026,853,,,,
1027,854,,,,
1028,855,,,,
1029,856,,,,
1030,857,,,,
1031,858,,,,
1032,859,,,,
1033,860,,,,
1034,861,,,,
1035,862,,,,
1036,863,,,,
1037,864,,,,
1038,865,,,,
1039,866,,,,
1040,867,,,,
1041,868,,,,
1042,869,,,,
1043,870,,,,
1044,871,,,,
1045,872,,,,
1046,873,,,,
1047,874,,,,
1048,875,,,,
1049,876,,,,
1050,877,,,,
1051,878,,,,
1052,879,,,,
1053,880,,,,
1054,881,,,,
1055,882,,,,
1056,883,,,,
1057,884,,,,
1058,885,,,,
1059,886,,,,
1060,887,,,,
1061,888,,,,
1062,889,,,,
1063,890,,,,
1064,891,,,,
1065,892,,,,
1066,893,,,,
1067,894,,,,
1068,895,,,,
1069,896,,,,
1070,897,,,,
1071,898,,,,
1072,899,,,,
1073,900,,,,
1074,901,,,,
1075,902,,,,
1076,903,,,,
1077,904,1,119,154,529
1078,905,1,124,143,534
1079,906,,,,
1080,907,1,129,125,534
1081,908,2,123,136,537
1082,909,,,,
1083,910,,,,
1084,911,,,,
1085,912,,,,
1086,913,,,,
1087,914,,,,
1088,915,,,,
1089,916,,,,
1090,917,1,107,208,542
1091,918,1,102,240,550
1092,919,2,109,263,551
1093,920,1,110,314,551
1094,921,4,112,351,561
1095,922,26,122,390,561
1096,923,69,128,414,550
1097,924,83,129,460,552
1098,925,65,120,441,555
1099,926,69,129,451,569
1100,927,70,131,441,561
1101,928,61,135,436,565
1102,929,51,132,430,569
1103,930,43,126,423,572
1104,931,45,123,435,584
1105,932,73,125,443,584
1106,933,124,124,506,574
1107,934,171,130,522,580
1108,935,195,134,556,584
1109,936,223,134,591,591
1110,937,272,139,629,580
1111,937,2,196,196,528
1112,938,302,139,645,583
1113,938,1,191,235,522
1114,939,331,144,693,591
1115,939,14,176,259,525
1116,940,324,147,700,604
1117,940,5,196,260,528
1118,941,329,146,693,591
1119,941,10,196,270,534
1120,942,318,144,664,601
1121,942,1,202,262,535
1122,943,319,141,695,593
1123,943,1,192,254,541
1124,944,317,133,677,591
1125,944,1,195,247,533
1126,945,302,134,700,597
1127,945,1,205,249,547
1128,946,296,131,660,596
1129,946,3,191,253,549
1130,947,314,128,696,613
1131,947,2,184,251,535
1132,948,301,122,705,604
1133,948,2,178,243,534
1134,949,300,126,696,594
1135,949,1,180,257,539
1136,950,313,113,702,597
1137,950,1,177,252,534
1138,951,367,111,758,594
1139,951,34,181,293,526
1140,952,388,125,774,597
1141,952,76,182,332,535
1142,953,432,114,819,598
1143,953,118,182,385,540
1144,954,449,105,825,604
1145,954,124,184,393,529
1146,954,1,186,180,500
1147,955,487,85,855,607
1148,955,192,150,426,527
1149,955,5,191,215,498
1150,956,529,116,902,608
1151,956,218,193,459,543
1152,956,34,200,245,512
1153,957,554,113,948,613
1154,957,238,203,492,558
1155,957,62,205,286,498
1156,958,572,120,979,612
1157,958,265,205,519,541
1158,958,92,208,313,508
1159,958,1,229,121,475
1160,959,569,119,975,615
1161,959,258,205,514,547
1162,959,77,210,296,508
1163,959,1,231,118,471
1164,960,566,116,979,618
1165,960,256,202,509,544
1166,960,74,213,296,509
1167,960,1,232,110,469
1168,961,563,115,984,626
1169,961,249,199,505,536
1170,961,72,205,296,519
1171,961,1,231,105,475
1172,962,563,111,979,624
1173,962,250,197,502,546
1174,962,64,205,288,505
1175,962,1,233,107,471
1176,963,565,111,978,630
1177,963,243,202,500,546
1178,963,63,203,295,510
1179,963,1,237,94,480
1180,964,562,108,987,635
1181,964,243,202,501,549
1182,964,54,206,286,515
1183,964,1,259,89,478
1184,965,562,107,989,637
1185,965,237,203,498,549
1186,965,58,208,287,513
1187,966,560,103,993,642
1188,966,229,203,501,555
1189,966,49,205,280,519
1190,966,1,275,87,481
1191,967,559,105,1000,639
1192,967,225,202,497,563
1193,967,45,206,272,522
1194,967,1,286,81,408
1195,968,549,93,1002,640
1196,968,226,195,481,544
1197,968,36,190,272,519
1198,969,555,91,1001,653
1199,969,220,191,495,569
1200,969,40,200,273,508
1201,970,567,86,1029,653
1202,970,236,191,500,565
1203,970,53,198,281,521
1204,971,608,79,1027,647
1205,971,285,198,543,557
1206,971,92,205,321,519
1207,971,1,228,117,472
1208,972,645,87,1099,657
1209,972,314,199,576,559
1210,972,136,212,364,526
1211,972,2,225,153,470
1212,973,677,87,1141,663
1213,973,339,199,610,558
1214,973,173,214,405,519
1215,973,12,218,201,498
1216,974,689,83,1144,664
1217,974,361,202,628,562
1218,974,196,208,413,518
1219,974,22,236,207,477
1220,975,744,82,1183,669
1221,975,410,206,670,559
1222,975,234,212,466,517
1223,975,65,241,264,473
1224,976,749,85,1236,676
1225,976,444,204,702,563
1226,976,267,218,506,527
1227,976,100,240,298,486
1228,977,824,98,1280,682
1229,977,487,207,744,578
1230,977,311,214,530,537
1231,977,158,249,338,488
1232,977,7,272,142,460
1233,978,831,75,1280,689
1234,978,518,208,769,576
1235,978,357,226,552,541
1236,978,186,256,364,486
1237,978,20,272,160,468
1238,979,856,87,1280,684
1239,979,521,213,787,576
1240,979,348,230,579,547
1241,979,202,255,393,493
1242,979,39,277,195,475
1243,980,851,80,1280,684
1244,980,520,207,785,575
1245,980,343,225,565,527
1246,980,197,253,386,499
1247,980,33,277,176,475
1248,981,848,80,1280,688
1249,981,517,210,782,580
1250,981,354,226,566,531
1251,981,193,251,382,491
1252,981,29,277,181,474
1253,982,852,72,1280,694
1254,982,524,206,789,581
1255,982,352,226,572,534
1256,982,189,248,356,494
1257,982,24,271,180,470
1258,983,853,75,1280,699
1259,983,511,205,787,578
1260,983,346,224,584,528
1261,983,177,248,373,493
1262,983,28,269,188,470
1263,984,860,59,1280,691
1264,984,513,194,822,572
1265,984,346,218,579,526
1266,984,185,245,365,479
1267,984,26,265,176,462
1268,985,874,48,1280,699
1269,985,516,198,792,565
1270,985,344,214,570,527
1271,985,189,241,375,480
1272,985,29,260,179,454
1273,986,887,42,1280,693
1274,986,528,192,810,573
1275,986,363,210,582,528
1276,986,193,239,394,476
1277,986,45,264,182,458
1278,987,922,40,1280,694
1279,987,565,190,828,570
1280,987,385,211,627,518
1281,987,232,243,394,491
1282,987,69,269,208,464
1283,988,960,23,1280,709
1284,988,586,188,856,569
1285,988,403,212,616,523
1286,988,244,237,436,484
1287,988,91,262,242,463
1288,989,629,189,891,580
1289,989,465,219,679,535
1290,989,301,239,501,491
1291,989,134,262,294,458
1292,989,1,278,121,435
1293,989,986,26,1280,711
1294,990,650,191,936,567
1295,990,475,215,706,524
1296,990,333,248,495,484
1297,990,170,270,320,457
1298,990,8,280,136,453
1299,991,686,195,967,580
1300,991,520,221,727,520
1301,991,359,247,541,481
1302,991,207,271,359,473
1303,991,50,276,203,445
1304,992,723,199,997,576
1305,992,535,220,765,543
1306,992,259,273,379,472
1307,992,90,290,221,444
1308,992,404,252,553,489
1309,993,755,196,1044,585
1310,993,582,218,794,533
1311,993,429,244,618,492
1312,993,290,284,416,476
1313,993,140,290,265,457
1314,994,809,197,1090,588
1315,994,624,220,850,540
1316,994,472,249,651,496
1317,994,333,285,479,469
1318,994,179,290,312,462
1319,995,849,200,1139,605
1320,995,667,226,882,531
1321,995,508,255,701,505
1322,995,375,285,514,473
1323,995,219,298,356,458
1324,996,883,199,1186,596
1325,996,702,221,924,538
1326,996,557,258,729,502
1327,996,414,289,550,481
1328,996,258,301,389,465
1329,996,1,213,115,485
1330,997,925,203,1234,598
1331,997,736,226,970,543
1332,997,581,262,764,504
1333,997,444,285,581,471
1334,997,304,298,439,457
1335,997,3,210,148,469
1336,998,966,201,1277,603
1337,998,780,231,1014,541
1338,998,639,260,798,498
1339,998,484,297,623,482
1340,998,334,305,483,462
1341,998,58,224,192,467
1342,999,1011,206,1280,614
1343,999,825,234,1052,548
1344,999,662,262,856,512
1345,999,522,298,658,475
1346,999,371,312,493,468
1347,999,81,226,232,469
1348,999,11,245,136,478
1349,1000,1040,203,1280,616
1350,1000,840,228,1073,557
1351,1000,691,266,886,498
1352,1000,544,303,682,474
1353,1000,403,305,536,472
1354,1000,125,225,252,474
1355,1000,33,248,165,471
1356,1001,1033,201,1280,619
1357,1001,840,232,1081,557
1358,1001,671,269,885,501
1359,1001,540,305,677,484
1360,1001,408,308,533,469
1361,1001,110,227,266,474
1362,1001,37,249,186,476
1363,1002,1021,204,1280,606
1364,1002,811,235,1092,560
1365,1002,683,264,883,505
1366,1002,556,298,686,480
1367,1002,408,304,534,470
1368,1002,125,227,258,477
1369,1002,37,261,173,477
1370,1003,1032,205,1280,611
1371,1003,841,233,1086,561
1372,1003,690,269,850,503
1373,1003,542,298,677,489
1374,1003,398,314,515,473
1375,1003,100,230,257,479
1376,1003,35,260,170,492
1377,1004,1036,195,1280,601
1378,1004,848,225,1088,559
1379,1004,697,258,873,505
1380,1004,536,295,682,480
1381,1004,375,302,514,459
1382,1004,118,219,265,475
1383,1004,29,233,173,481
1384,1005,1075,197,1280,617
1385,1005,878,238,1112,562
1386,1005,723,262,905,505
1387,1005,570,305,714,491
1388,1005,422,309,572,471
1389,1005,152,254,295,472
1390,1005,81,251,202,470
1391,1006,1118,198,1280,623
1392,1006,915,235,1167,576
1393,1006,750,263,933,520
1394,1006,617,308,772,483
1395,1006,463,311,617,475
1396,1006,200,237,343,479
1397,1006,101,260,253,475
1398,1007,907,245,1155,598
1399,1007,1109,208,1280,627
1400,1007,737,274,951,524
1401,1007,586,298,730,491
1402,1007,449,307,585,476
1403,1007,188,248,343,484
1404,1007,91,251,229,454
1405,1008,923,240,1154,574
1406,1008,762,272,936,523
1407,1008,615,311,744,493
1408,1008,472,310,598,480
1409,1008,214,235,324,491
1410,1008,118,269,243,473
1411,1009,922,240,1172,581
1412,1009,754,276,951,535
1413,1009,608,316,751,504
1414,1009,466,324,592,481
1415,1009,169,247,333,487
1416,1009,82,265,229,472
1417,1010,930,241,1173,575
1418,1010,742,276,949,526
1419,1010,603,312,751,502
1420,1010,464,322,586,484
1421,1010,192,230,327,487
1422,1010,103,265,245,485
1423,1011,918,244,1178,581
1424,1011,767,278,955,533
1425,1011,609,311,751,494
1426,1011,473,323,602,486
1427,1011,203,245,331,481
1428,1011,107,269,245,471
1429,1012,920,237,1178,586
1430,1012,752,276,943,526
1431,1012,603,315,751,501
1432,1012,458,327,591,492
1433,1012,190,246,327,491
1434,1012,63,269,229,485
1435,1013,929,235,1181,591
1436,1013,761,277,952,528
1437,1013,606,314,758,504
1438,1013,465,326,593,479
1439,1013,184,241,314,493
1440,1013,88,262,232,414
1441,1014,901,233,1183,590
1442,1014,755,276,959,533
1443,1014,601,317,755,507
1444,1014,449,325,583,493
1445,1014,197,243,313,495
1446,1014,58,253,224,498
1447,1014,1162,198,1280,642
1448,1015,923,238,1179,600
1449,1015,748,274,956,533
1450,1015,603,315,737,498
1451,1015,451,326,585,500
1452,1015,179,244,307,491
1453,1015,65,265,217,482
1454,1016,924,238,1187,591
1455,1016,746,281,921,544
1456,1016,606,314,737,514
1457,1016,457,333,587,491
1458,1016,167,248,301,498
1459,1016,73,271,222,494
1460,1017,920,235,1186,603
1461,1017,728,282,941,537
1462,1017,601,316,745,512
1463,1017,436,327,574,491
1464,1017,132,226,305,499
1465,1017,52,262,206,500
1466,1018,923,239,1183,606
1467,1018,750,281,946,548
1468,1018,586,322,739,502
1469,1018,444,330,564,492
1470,1018,139,248,298,493
1471,1018,43,271,201,487
1472,1019,938,241,1186,600
1473,1019,735,282,948,550
1474,1019,589,321,734,515
1475,1019,439,330,584,497
1476,1019,132,250,297,507
1477,1019,36,268,204,479
1478,1020,936,246,1222,606
1479,1020,752,283,958,546
1480,1020,612,316,771,509
1481,1020,465,332,606,500
1482,1020,171,248,310,496
1483,1020,71,270,219,482
1484,1021,961,234,1280,631
1485,1021,817,284,1011,545
1486,1021,665,326,804,528
1487,1021,511,335,636,493
1488,1021,216,250,370,505
1489,1021,116,270,260,515
1490,1022,1040,225,1280,625
1491,1022,857,284,1033,545
1492,1022,703,329,836,520
1493,1022,551,336,677,506
1494,1022,241,249,392,498
1495,1022,145,276,304,506
1496,1023,1048,235,1280,623
1497,1023,879,285,1101,559
1498,1023,732,327,864,518
1499,1023,573,334,715,491
1500,1023,290,258,429,517
1501,1023,183,283,332,510
1502,1024,1086,234,1280,620
1503,1024,911,282,1085,555
1504,1024,751,326,888,527
1505,1024,593,335,739,512
1506,1024,299,255,449,504
1507,1024,202,270,353,503
1508,1025,908,287,1139,559
1509,1025,784,327,931,518
1510,1025,642,344,772,510
1511,1025,347,260,483,513
1512,1025,258,284,407,484
1513,1025,1162,249,1280,598
1514,1026,980,301,1194,558
1515,1026,816,332,958,528
1516,1026,663,344,800,508
1517,1026,396,258,529,512
1518,1026,273,276,432,484
1519,1027,979,284,1186,544
1520,1027,806,328,951,539
1521,1027,668,342,793,511
1522,1027,409,251,529,518
1523,1027,293,273,429,510
1524,1028,1042,283,1192,569
1525,1028,978,307,1084,550
1526,1028,809,326,961,531
1527,1028,667,333,801,516
1528,1028,407,248,515,518
1529,1028,293,282,437,518
1530,1029,1036,275,1180,556
1531,1029,975,307,1049,519
1532,1029,811,325,959,525
1533,1029,659,336,795,504
1534,1029,417,246,514,509
1535,1029,289,284,438,515
1536,1030,1031,288,1175,555
1537,1030,972,305,1078,536
1538,1030,821,324,961,516
1539,1030,650,335,781,492
1540,1030,405,243,507,508
1541,1030,293,263,419,507
1542,1031,969,269,1136,536
1543,1031,786,311,932,515
1544,1031,651,334,764,503
1545,1031,386,245,496,505
1546,1031,274,259,393,484
1547,1032,1094,217,1280,611
1548,1032,949,259,1079,548
1549,1032,893,270,945,533
1550,1032,740,303,870,511
1551,1032,584,318,726,504
1552,1032,336,238,436,512
1553,1032,179,266,344,467
1554,1033,1056,212,1280,605
1555,1033,909,268,1052,546
1556,1033,843,291,919,519
1557,1033,691,296,843,512
1558,1033,543,313,686,495
1559,1033,290,229,394,508
1560,1033,144,257,290,494
1561,1034,1028,216,1279,612
1562,1034,842,263,1021,534
1563,1034,679,307,828,502
1564,1034,518,320,670,488
1565,1034,272,235,379,499
1566,1034,141,247,273,511
1567,1035,990,211,1276,631
1568,1035,801,266,1020,535
1569,1035,640,310,797,506
1570,1035,490,323,634,487
1571,1035,229,236,336,499
1572,1035,96,262,247,498
1573,1036,982,212,1261,600
1574,1036,791,262,987,539
1575,1036,628,312,770,507
1576,1036,472,319,595,488
1577,1036,204,235,323,506
1578,1036,72,258,217,500
1579,1037,962,212,1253,587
1580,1037,772,260,965,534
1581,1037,625,301,773,505
1582,1037,469,321,616,488
1583,1037,216,231,313,499
1584,1037,69,249,215,505
1585,1038,971,205,1259,597
1586,1038,835,262,994,534
1587,1038,787,281,872,519
1588,1038,629,305,758,505
1589,1038,473,315,596,505
1590,1038,210,241,311,520
1591,1038,71,251,212,486
1592,1039,974,205,1270,598
1593,1039,772,262,983,529
1594,1039,628,302,765,504
1595,1039,463,318,595,485
1596,1039,201,232,308,519
1597,1039,70,245,214,435
1598,1040,962,199,1260,587
1599,1040,824,245,954,524
1600,1040,778,272,854,515
1601,1040,623,304,756,499
1602,1040,463,312,590,483
1603,1040,205,224,308,503
1604,1040,61,247,191,469
1605,1041,971,200,1259,605
1606,1041,824,257,970,537
1607,1041,766,282,867,502
1608,1041,619,302,758,505
1609,1041,451,316,598,495
1610,1041,176,219,301,499
1611,1041,57,240,192,473
1612,1042,984,206,1268,599
1613,1042,825,258,976,538
1614,1042,772,284,864,495
1615,1042,612,300,761,511
1616,1042,453,316,601,482
1617,1042,177,231,301,497
1618,1042,29,250,201,469
1619,1043,993,199,1273,618
1620,1043,831,262,985,548
1621,1043,766,283,893,523
1622,1043,606,303,766,505
1623,1043,445,309,593,494
1624,1043,189,219,294,491
1625,1043,31,247,195,485
1626,1044,975,192,1280,608
1627,1044,827,247,1008,534
1628,1044,772,287,912,512
1629,1044,614,299,767,488
1630,1044,441,304,589,482
1631,1044,169,213,303,486
1632,1044,52,240,188,494
1633,1045,978,195,1280,617
1634,1045,825,258,984,541
1635,1045,773,291,894,520
1636,1045,622,298,756,508
1637,1045,457,315,587,485
1638,1045,166,212,298,493
1639,1045,43,243,163,493
1640,1046,961,188,1279,628
1641,1046,832,244,988,534
1642,1046,782,267,852,521
1643,1046,635,291,763,501
1644,1046,461,309,613,487
1645,1046,189,210,306,495
1646,1046,49,235,207,471
1647,1047,972,182,1280,612
1648,1047,769,248,970,539
1649,1047,615,298,765,505
1650,1047,464,313,583,489
1651,1047,163,214,291,495
1652,1047,37,240,188,490
1653,1048,992,179,1280,615
1654,1048,833,247,1001,535
1655,1048,770,277,901,513
1656,1048,615,292,763,505
1657,1048,452,308,598,485
1658,1048,171,213,292,491
1659,1048,26,245,158,500
1660,1049,993,180,1280,623
1661,1049,829,248,1003,543
1662,1049,755,262,887,528
1663,1049,613,293,768,504
1664,1049,448,307,595,493
1665,1049,148,212,283,495
1666,1049,14,230,179,471
1667,1050,1002,181,1280,619
1668,1050,852,245,1010,544
1669,1050,802,278,931,530
1670,1050,634,300,782,500
1671,1050,472,309,608,491
1672,1050,175,212,300,497
1673,1050,30,240,185,492
1674,1051,1040,186,1280,626
1675,1051,837,251,1032,539
1676,1051,667,299,812,509
1677,1051,505,314,644,485
1678,1051,193,218,339,491
1679,1051,57,242,229,508
1680,1052,872,250,1099,548
1681,1052,715,304,853,521
1682,1052,550,312,676,491
1683,1052,265,223,379,498
1684,1052,93,246,264,476
1685,1053,902,252,1124,548
1686,1053,731,299,890,499
1687,1053,577,320,718,499
1688,1053,279,214,404,506
1689,1053,138,244,283,509
1690,1054,1002,263,1171,562
1691,1054,940,283,1022,547
1692,1054,778,293,908,519
1693,1054,605,323,753,507
1694,1054,324,226,451,501
1695,1054,190,241,339,504
1696,1055,940,256,1124,555
1697,1055,761,308,905,530
1698,1055,580,319,739,497
1699,1055,316,227,432,500
1700,1055,179,253,318,505
1701,1056,989,252,1148,563
1702,1056,925,291,1048,545
1703,1056,761,305,909,520
1704,1056,591,323,740,500
1705,1056,308,223,418,508
1706,1056,151,249,333,505
1707,1057,982,257,1140,560
1708,1057,916,299,1064,546
1709,1057,759,312,903,534
1710,1057,593,325,730,494
1711,1057,323,232,417,501
1712,1057,133,255,329,512
1713,1058,998,258,1145,566
1714,1058,926,292,1051,548
1715,1058,760,309,912,527
1716,1058,602,321,733,496
1717,1058,309,226,430,502
1718,1058,157,252,296,497
1719,1059,1001,262,1140,568
1720,1059,929,294,1045,541
1721,1059,770,310,908,522
1722,1059,601,322,734,498
1723,1059,322,226,426,505
1724,1059,158,242,322,513
1725,1060,1001,253,1154,568
1726,1060,936,294,1043,540
1727,1060,766,310,913,534
1728,1060,606,321,732,498
1729,1060,314,212,426,507
1730,1060,147,238,315,503
1731,1061,1005,253,1151,578
1732,1061,931,291,1063,545
1733,1061,776,303,911,526
1734,1061,609,321,743,502
1735,1061,317,219,433,505
1736,1061,111,231,315,506
1737,1062,1001,254,1156,566
1738,1062,943,287,1054,541
1739,1062,761,305,930,519
1740,1062,594,317,740,500
1741,1062,303,218,430,506
1742,1062,154,236,294,510
1743,1063,1000,263,1163,568
1744,1063,931,284,1037,544
1745,1063,765,296,918,529
1746,1063,592,312,745,502
1747,1063,297,216,440,507
1748,1063,128,241,290,510
1749,1064,1004,252,1167,574
1750,1064,944,286,1058,548
1751,1064,756,303,917,521
1752,1064,590,316,729,502
1753,1064,305,220,423,507
1754,1064,123,248,292,514
1755,1065,999,254,1154,562
1756,1065,928,286,1047,549
1757,1065,756,305,917,522
1758,1065,591,321,730,498
1759,1065,291,219,414,514
1760,1065,113,243,293,509
1761,1066,1004,244,1191,580
1762,1066,919,288,1102,563
1763,1066,757,308,925,523
1764,1066,591,319,738,506
1765,1066,292,220,408,512
1766,1066,127,233,305,499
1767,1067,993,254,1181,576
1768,1067,925,293,1061,562
1769,1067,743,308,915,531
1770,1067,572,316,722,510
1771,1067,277,217,408,510
1772,1067,136,239,284,512
1773,1068,1001,255,1165,585
1774,1068,915,291,1050,558
1775,1068,745,305,909,533
1776,1068,574,321,730,504
1777,1068,263,211,401,515
1778,1068,105,218,258,518
1779,1069,996,262,1179,572
1780,1069,923,286,1074,550
1781,1069,754,309,912,531
1782,1069,577,318,725,506
1783,1069,272,206,400,507
1784,1069,123,232,272,512
1785,1070,1008,254,1148,577
1786,1070,925,285,1048,548
1787,1070,750,291,904,516
1788,1070,591,320,713,493
1789,1070,252,191,404,512
1790,1070,106,228,276,512
1791,1071,1012,253,1181,570
1792,1071,941,282,1072,557
1793,1071,746,292,910,532
1794,1071,580,306,726,499
1795,1071,266,205,405,508
1796,1071,108,230,268,516
1797,1072,1016,247,1197,563
1798,1072,943,281,1071,546
1799,1072,758,298,929,528
1800,1072,586,312,719,503
1801,1072,253,199,401,507
1802,1072,96,229,245,507
1803,1073,1015,228,1173,565
1804,1073,921,263,1083,542
1805,1073,762,294,914,532
1806,1073,587,305,718,496
1807,1073,265,198,407,503
1808,1073,92,213,297,502
1809,1074,1004,233,1178,566
1810,1074,946,259,1077,548
1811,1074,746,288,912,516
1812,1074,591,310,720,504
1813,1074,228,196,401,505
1814,1074,97,220,288,508
1815,1075,1009,224,1179,561
1816,1075,938,269,1066,544
1817,1075,750,288,915,519
1818,1075,577,305,725,506
1819,1075,252,198,398,511
1820,1075,71,216,257,505
1821,1076,1014,228,1187,580
1822,1076,934,274,1070,545
1823,1076,761,291,909,523
1824,1076,585,303,723,500
1825,1076,254,197,406,507
1826,1076,90,218,254,510
1827,1077,1015,223,1178,584
1828,1077,938,276,1066,546
1829,1077,743,291,909,522
1830,1077,557,302,708,498
1831,1077,247,189,388,508
1832,1077,81,220,238,512
1833,1078,1013,226,1165,569
1834,1078,934,274,1072,554
1835,1078,743,293,917,525
1836,1078,565,314,711,492
1837,1078,235,198,377,508
1838,1078,58,225,234,514
1839,1079,1004,228,1201,581
1840,1079,941,266,1064,544
1841,1079,739,291,903,527
1842,1079,559,303,702,491
1843,1079,238,194,379,511
1844,1079,71,219,236,521
1845,1080,1010,229,1155,587
1846,1080,930,284,1065,552
1847,1080,746,293,896,527
1848,1080,572,313,705,505
1849,1080,207,193,369,511
1850,1080,31,223,222,512
1851,1081,1009,226,1229,588
1852,1081,930,274,1075,562
1853,1081,737,294,926,530
1854,1081,558,313,718,510
1855,1081,229,192,372,502
1856,1081,76,214,226,524
1857,1082,1012,227,1192,587
1858,1082,948,274,1076,557
1859,1082,748,288,917,535
1860,1082,547,309,707,512
1861,1082,228,199,370,512
1862,1082,41,202,241,518
1863,1083,1015,219,1205,588
1864,1083,933,274,1074,560
1865,1083,729,288,923,534
1866,1083,561,312,723,512
1867,1083,228,199,378,516
1868,1083,51,223,244,527
1869,1084,1024,228,1216,592
1870,1084,954,270,1098,569
1871,1084,725,292,912,529
1872,1084,560,310,710,512
1873,1084,222,191,371,535
1874,1084,38,206,224,527
1875,1085,1026,217,1210,586
1876,1085,929,269,1103,562
1877,1085,739,284,922,535
1878,1085,566,305,719,504
1879,1085,208,191,366,526
1880,1085,33,214,225,524
1881,1086,1029,217,1223,594
1882,1086,943,270,1096,559
1883,1086,736,296,937,534
1884,1086,558,309,707,501
1885,1086,209,192,365,516
1886,1086,21,212,208,528
1887,1087,1013,214,1228,585
1888,1087,939,266,1088,565
1889,1087,732,271,918,529
1890,1087,538,292,710,504
1891,1087,218,175,355,519
1892,1087,22,204,208,524
1893,1088,1027,211,1208,594
1894,1088,937,267,1093,569
1895,1088,738,291,927,538
1896,1088,558,309,706,508
1897,1088,217,184,359,521
1898,1088,29,212,224,526
1899,1089,1023,214,1215,591
1900,1089,935,268,1097,564
1901,1089,744,286,918,531
1902,1089,548,306,708,513
1903,1089,211,186,354,517
1904,1089,1,204,189,529
1905,1090,1029,228,1181,584
1906,1090,942,271,1067,574
1907,1090,740,287,903,553
1908,1090,554,308,714,517
1909,1090,197,189,344,519
1910,1090,3,204,190,531
1911,1091,1019,214,1226,606
1912,1091,936,267,1078,572
1913,1091,740,290,905,541
1914,1091,547,312,697,519
1915,1091,186,181,342,534
1916,1091,19,203,186,532
1917,1092,1023,217,1280,619
1918,1092,933,267,1094,574
1919,1092,737,296,908,541
1920,1092,543,308,706,516
1921,1092,187,184,336,526
1922,1092,1,198,195,534
1923,1093,1034,212,1280,611
1924,1093,945,270,1100,575
1925,1093,743,287,927,540
1926,1093,539,299,708,509
1927,1093,173,176,340,525
1928,1093,1,209,203,530
1929,1094,1027,205,1280,618
1930,1094,939,262,1093,572
1931,1094,729,285,914,539
1932,1094,546,302,702,524
1933,1094,176,178,340,533
1934,1094,7,184,174,532
1935,1095,1023,205,1280,609
1936,1095,953,260,1104,578
1937,1095,737,284,919,533
1938,1095,552,305,697,515
1939,1095,172,174,333,520
1940,1095,4,188,200,530
1941,1096,1025,202,1273,602
1942,1096,948,256,1132,569
1943,1096,724,286,930,538
1944,1096,540,302,707,512
1945,1096,166,161,341,513
1946,1096,4,185,194,527
1947,1097,1037,194,1231,589
1948,1097,951,255,1112,560
1949,1097,720,276,925,527
1950,1097,547,292,706,495
1951,1097,179,165,335,519
1952,1097,10,184,171,524
1953,1098,1019,191,1276,598
1954,1098,935,250,1127,569
1955,1098,712,271,919,526
1956,1098,527,295,708,506
1957,1098,160,155,328,516
1958,1098,1,178,157,523
1959,1099,1043,184,1280,600
1960,1099,951,240,1096,553
1961,1099,730,272,912,532
1962,1099,527,297,695,497
1963,1099,175,152,323,518
1964,1099,11,169,165,507
1965,1100,1031,184,1280,598
1966,1100,948,247,1097,569
1967,1100,733,268,916,529
1968,1100,529,289,707,508
1969,1100,164,156,320,524
1970,1100,8,180,167,523
1971,1101,1036,177,1279,592
1972,1101,949,241,1131,556
1973,1101,726,261,927,529
1974,1101,526,285,707,501
1975,1101,151,144,330,508
1976,1101,8,173,170,517
1977,1102,1043,165,1280,596
1978,1102,937,232,1132,568
1979,1102,725,266,923,527
1980,1102,515,282,708,493
1981,1102,151,147,330,519
1982,1102,6,159,149,524
1983,1103,1038,169,1280,589
1984,1103,947,226,1101,555
1985,1103,716,260,928,519
1986,1103,531,282,682,491
1987,1103,144,137,309,512
1988,1103,3,155,122,517
1989,1104,1036,163,1248,591
1990,1104,942,235,1102,558
1991,1104,713,265,914,530
1992,1104,520,284,691,487
1993,1104,135,137,304,519
1994,1104,15,155,129,521
1995,1105,1049,168,1236,591
1996,1105,951,233,1097,554
1997,1105,727,261,915,518
1998,1105,528,283,693,492
1999,1105,143,135,301,510
2000,1105,5,155,143,526
2001,1106,1043,155,1251,595
2002,1106,954,226,1103,555
2003,1106,731,260,922,526
2004,1106,537,278,697,498
2005,1106,129,132,283,512
2006,1106,1,148,122,526
2007,1107,1044,158,1253,593
2008,1107,952,225,1109,554
2009,1107,738,254,916,521
2010,1107,534,278,681,492
2011,1107,121,132,291,516
2012,1107,8,150,112,526
2013,1108,1060,148,1276,590
2014,1108,952,223,1115,546
2015,1108,738,251,924,516
2016,1108,543,276,698,499
2017,1108,128,135,293,515
2018,1108,5,152,124,525
2019,1109,1065,143,1280,591
2020,1109,958,217,1135,557
2021,1109,727,249,930,525
2022,1109,519,273,697,494
2023,1109,117,126,293,512
2024,1109,6,143,110,526
2025,1110,1081,140,1280,600
2026,1110,968,215,1139,545
2027,1110,749,248,937,527
2028,1110,534,276,713,496
2029,1110,129,130,293,519
2030,1110,10,144,126,530
2031,1111,1027,214,1183,568
2032,1111,790,256,986,530
2033,1111,586,278,753,493
2034,1111,167,130,328,518
2035,1111,2,144,154,531
2036,1112,1079,220,1219,556
2037,1112,829,260,1036,529
2038,1112,630,281,786,500
2039,1112,206,137,377,531
2040,1112,3,148,198,536
2041,1113,1095,218,1265,571
2042,1113,866,255,1065,541
2043,1113,651,282,817,497
2044,1113,248,141,406,525
2045,1113,13,151,232,542
2046,1114,1104,222,1280,562
2047,1114,875,250,1087,534
2048,1114,662,277,841,500
2049,1114,278,141,433,522
2050,1114,53,155,260,531
2051,1115,909,261,1127,544
2052,1115,697,277,846,505
2053,1115,306,142,460,526
2054,1115,84,157,294,544
2055,1116,906,252,1121,547
2056,1116,712,284,872,516
2057,1116,311,148,474,531
2058,1116,77,170,309,545
2059,1117,915,259,1122,551
2060,1117,1150,214,1280,608
2061,1117,702,282,873,515
2062,1117,310,150,471,532
2063,1117,57,169,312,545
2064,1118,895,260,1122,547
2065,1118,697,291,865,520
2066,1118,304,145,465,541
2067,1118,1,162,301,557
2068,1119,1170,225,1280,617
2069,1119,915,264,1121,559
2070,1119,680,292,872,516
2071,1119,293,150,461,541
2072,1119,1,176,301,551
2073,1120,1128,231,1280,624
2074,1120,907,266,1115,564
2075,1120,695,296,864,528
2076,1120,296,151,456,551
2077,1120,13,153,287,557
2078,1121,915,268,1135,568
2079,1121,696,300,874,526
2080,1121,279,133,462,548
2081,1121,43,147,273,563
2082,1122,906,274,1129,568
2083,1122,674,301,877,528
2084,1122,272,148,454,541
2085,1122,21,168,292,561
2086,1123,915,277,1130,566
2087,1123,706,306,870,538
2088,1123,279,152,466,556
2089,1123,22,168,275,567
2090,1124,924,279,1145,576
2091,1124,692,304,877,534
2092,1124,284,150,470,549
2093,1124,26,164,290,574
2094,1125,925,274,1145,572
2095,1125,699,302,879,541
2096,1125,277,150,451,556
2097,1125,19,163,275,573
2098,1126,918,266,1140,578
2099,1126,697,292,886,533
2100,1126,283,139,446,544
2101,1126,23,150,278,574
2102,1127,901,269,1132,568
2103,1127,701,301,863,528
2104,1127,284,145,450,549
2105,1127,2,156,239,573
2106,1128,918,266,1140,563
2107,1128,685,295,885,531
2108,1128,280,138,449,555
2109,1128,8,149,258,572
2110,1129,914,259,1142,569
2111,1129,693,286,875,533
2112,1129,208,131,442,565
2113,1129,2,136,236,576
2114,1130,920,257,1144,568
2115,1130,683,277,879,531
2116,1130,207,126,436,551
2117,1130,1,131,250,579
2118,1131,908,251,1143,567
2119,1131,674,290,871,538
2120,1131,238,134,442,559
2121,1131,1,144,248,576
2122,1132,915,259,1137,571
2123,1132,686,282,871,534
2124,1132,236,124,431,552
2125,1132,1,134,232,572
2126,1133,908,255,1147,568
2127,1133,684,283,872,536
2128,1133,195,119,432,553
2129,1133,6,134,239,564
2130,1134,917,251,1148,569
2131,1134,685,281,879,536
2132,1134,229,111,429,554
2133,1134,1,106,245,569
2134,1135,922,254,1156,567
2135,1135,694,273,866,526
2136,1135,232,104,428,556
2137,1135,1,119,236,582
2138,1136,936,236,1176,556
2139,1136,192,93,443,551
2140,1136,1,111,237,567
2141,1137,917,228,1165,558
2142,1137,676,272,891,523
2143,1137,206,87,439,550
2144,1137,1,115,226,573
2145,1138,908,232,1169,555
2146,1138,673,267,898,525
2147,1138,213,91,423,579
2148,1138,5,108,199,578
2149,1139,905,233,1159,569
2150,1139,673,276,874,527
2151,1139,208,100,423,554
2152,1139,4,110,219,579
2153,1140,926,233,1164,559
2154,1140,679,267,875,524
2155,1140,175,99,407,563
2156,1140,4,108,179,578
2157,1141,930,233,1170,567
2158,1141,678,269,879,525
2159,1141,184,90,403,554
2160,1141,8,103,181,588
2161,1142,917,232,1169,577
2162,1142,677,266,878,529
2163,1142,164,89,415,563
2164,1142,1,97,207,580
2165,1143,101,81,398,563
2166,1143,644,261,871,531
2167,1143,900,227,1162,569
2168,1144,916,228,1166,570
2169,1144,663,255,870,529
2170,1144,91,92,394,570
2171,1145,926,235,1161,576
2172,1145,670,268,868,532
2173,1145,125,70,391,564
2174,1146,914,235,1176,569
2175,1146,677,269,885,524
2176,1146,125,71,390,566
2177,1147,899,224,1165,575
2178,1147,662,262,855,530
2179,1147,106,71,371,573
2180,1148,849,219,1129,568
2181,1148,600,253,836,530
2182,1148,23,48,338,563
2183,1149,821,219,1077,563
2184,1149,573,258,792,521
2185,1149,11,48,312,561
2186,1150,1105,166,1280,597
2187,1150,815,218,1054,562
2188,1150,558,253,765,513
2189,1150,1,53,265,562
2190,1151,1063,171,1280,642
2191,1151,772,212,1017,561
2192,1151,523,249,727,525
2193,1151,1,38,229,565
2194,1152,1023,155,1280,616
2195,1152,743,219,988,559
2196,1152,516,254,712,518
2197,1152,4,38,218,567
2198,1153,1071,152,1280,597
2199,1153,778,215,994,543
2200,1153,523,248,712,517
2201,1153,1,39,241,559
2202,1154,1070,168,1280,598
2203,1154,765,218,1010,557
2204,1154,522,256,717,520
2205,1154,1,40,240,571
2206,1155,1072,148,1280,602
2207,1155,759,218,1036,555
2208,1155,500,227,729,519
2209,1155,1,30,224,563
2210,1156,1036,165,1280,605
2211,1156,761,220,1017,556
2212,1156,510,252,712,521
2213,1156,3,32,213,564
2214,1157,1068,161,1280,606
2215,1157,768,219,1020,570
2216,1157,502,254,706,521
2217,1157,1,25,198,563
2218,1158,1070,148,1280,612
2219,1158,775,222,1010,569
2220,1158,497,255,727,521
2221,1159,1026,141,1280,610
2222,1159,761,210,1002,569
2223,1159,504,238,712,529
2224,1160,1072,155,1280,618
2225,1160,751,207,1008,570
2226,1160,486,233,703,526
2227,1161,1064,155,1280,617
2228,1161,741,220,1023,572
2229,1161,500,247,701,533
2230,1161,3,19,181,578
2231,1162,1078,155,1280,615
2232,1162,765,217,1008,576
2233,1162,499,243,689,528
2234,1163,772,210,1015,569
2235,1163,502,255,704,531
2236,1163,1097,157,1280,626
2237,1164,1101,143,1280,619
2238,1164,779,207,1017,578
2239,1164,479,246,707,534
2240,1165,1088,134,1280,610
2241,1165,724,203,1023,572
2242,1165,496,236,701,526
2243,1166,1083,134,1280,620
2244,1166,761,207,1025,570
2245,1166,489,241,696,534
2246,1167,763,198,1034,569
2247,1167,490,241,700,516
2248,1167,1097,139,1280,616
2249,1168,771,199,1026,569
2250,1168,474,237,695,521
2251,1168,1101,120,1280,619
2252,1169,1108,112,1280,609
2253,1169,758,188,1014,557
2254,1169,493,233,696,517
2255,1170,776,181,1014,555
2256,1170,493,231,701,518
2257,1170,1103,112,1280,610
2258,1171,738,184,1021,568
2259,1171,481,225,686,520
2260,1171,1090,110,1280,620
2261,1172,1106,116,1280,625
2262,1172,759,188,1019,576
2263,1172,470,233,686,519
2264,1173,1099,111,1280,628
2265,1173,764,180,1023,573
2266,1173,480,224,693,539
2267,1174,1124,119,1280,632
2268,1174,726,184,1022,567
2269,1174,473,223,690,523
2270,1175,780,195,1041,576
2271,1175,1133,100,1280,628
2272,1175,486,225,690,530
2273,1176,783,184,1049,567
2274,1176,503,227,692,522
2275,1177,815,175,1084,565
2276,1177,539,231,742,519
2277,1178,867,179,1147,585
2278,1178,582,225,773,532
2279,1179,908,183,1178,574
2280,1179,623,225,802,526
2281,1180,929,186,1211,578
2282,1180,639,219,843,534
2283,1181,941,162,1225,586
2284,1181,637,227,846,530
2285,1182,970,175,1271,594
2286,1182,669,225,886,532
2287,1183,978,174,1265,603
2288,1183,660,228,879,534
2289,1184,960,170,1280,591
2290,1184,665,227,879,530
2291,1185,956,173,1280,602
2292,1185,659,226,877,546
2293,1186,943,172,1248,587
2294,1186,632,219,858,534
2295,1187,889,169,1179,584
2296,1187,597,224,815,544
2297,1188,855,184,1158,591
2298,1188,563,223,787,535
2299,1189,834,170,1129,582
2300,1189,543,223,774,535
2301,1190,822,176,1116,587
2302,1190,513,225,750,540
2303,1191,801,176,1124,588
2304,1191,510,218,773,541
2305,1192,815,171,1115,598
2306,1192,514,215,758,545
2307,1193,816,179,1112,598
2308,1193,513,216,752,546
2309,1194,794,176,1133,603
2310,1194,503,225,746,543
2311,1195,796,179,1120,604
2312,1195,515,227,728,557
2313,1196,824,180,1127,601
2314,1196,514,230,722,556
2315,1197,812,168,1108,608
2316,1197,506,230,748,557
2317,1198,829,174,1131,612
2318,1198,518,224,743,555
2319,1199,824,171,1140,613
2320,1199,513,228,746,554
2321,1200,828,161,1146,617
2322,1200,519,219,741,548
2323,1201,832,168,1132,605
2324,1201,508,226,739,560
2325,1202,827,161,1154,614
2326,1202,509,217,736,557
2327,1203,842,163,1144,619
2328,1203,512,221,752,550
2329,1204,831,151,1143,611
2330,1204,501,209,733,558
2331,1205,807,162,1150,619
2332,1205,496,223,734,557
2333,1206,843,157,1165,624
2334,1206,511,219,753,568
2335,1207,873,161,1213,638
2336,1207,544,220,784,568
2337,1208,923,154,1258,637
2338,1208,579,219,817,576
2339,1209,943,149,1279,647
2340,1209,604,222,832,572
2341,1210,988,154,1280,651
2342,1210,617,217,880,578
2343,1211,1030,162,1280,650
2344,1211,677,232,919,585
2345,1212,1044,150,1280,653
2346,1212,700,234,947,578
2347,1213,708,220,952,579
2348,1214,702,242,959,588
2349,1215,689,227,968,584
2350,1216,715,222,964,576
2351,1217,708,220,965,584
2352,1218,711,219,965,590
2353,1219,696,218,958,587
2354,1220,677,217,961,582
2355,1221,691,219,965,590
2356,1222,676,217,956,587
2357,1223,665,219,959,594
2358,1224,664,212,965,594
2359,1225,687,205,961,590
2360,1226,700,207,968,594
2361,1227,692,206,972,603
2362,1228,698,202,978,589
2363,1229,643,200,970,592
2364,1230,674,194,973,590
2365,1231,636,197,972,593
2366,1232,593,187,958,586
2367,1233,629,191,922,597
2368,1234,591,190,884,589
2369,1234,1019,82,1280,717
2370,1235,569,192,843,585
2371,1235,992,84,1280,704
2372,1236,559,184,825,594
2373,1236,975,87,1280,683
2374,1237,543,188,813,587
2375,1237,949,92,1280,685
2376,1238,949,87,1280,682
2377,1238,529,181,813,584
2378,1239,924,108,1280,676
2379,1239,514,185,788,584
2380,1240,921,91,1280,683
2381,1240,502,189,795,596
2382,1241,908,85,1280,690
2383,1241,493,191,783,592
2384,1242,915,90,1280,691
2385,1242,498,191,777,595
2386,1243,921,71,1280,692
2387,1243,500,180,791,588
2388,1244,921,79,1280,692
2389,1244,496,171,782,591
2390,1245,922,77,1280,691
2391,1245,495,154,783,589
2392,1246,945,55,1280,688
2393,1246,501,152,788,592
2394,1247,916,41,1280,688
2395,1247,499,155,788,586
2396,1248,936,41,1280,692
2397,1248,494,139,789,580
2398,1249,941,34,1280,691
2399,1249,495,134,784,581
2400,1250,937,21,1280,698
2401,1250,465,127,774,583
2402,1251,947,17,1280,684
2403,1251,488,134,790,591
2404,1252,943,8,1280,694
2405,1252,491,135,789,588
2406,1253,908,4,1280,696
2407,1253,473,124,786,598
2408,1254,957,4,1280,712
2409,1254,478,126,783,594
2410,1255,931,5,1276,720
2411,1255,467,131,780,598
2412,1256,948,5,1280,707
2413,1256,455,127,797,592
2414,1257,455,124,787,597
2415,1257,940,1,1279,720
2416,1258,437,119,777,585
2417,1259,415,119,748,590
2418,1260,358,110,698,591
2419,1261,320,77,674,575
2420,1261,821,4,1280,720
2421,1262,322,91,656,581
2422,1262,811,1,1280,698
2423,1263,326,108,646,590
2424,1264,789,1,1255,704
2425,1265,291,90,631,579
2426,1265,798,5,1269,681
2427,1266,293,98,609,571
2428,1266,786,1,1280,687
2429,1267,321,99,658,589
2430,1267,829,4,1276,700
2431,1268,339,98,698,580
2432,1268,848,1,1280,703
2433,1269,361,101,722,585
2434,1269,895,1,1280,703
2435,1270,397,107,730,588
2436,1271,373,105,721,600
2437,1272,379,104,721,600
2438,1273,364,98,729,598
2439,1274,366,95,718,609
2440,1275,373,93,719,625
2441,1276,358,92,715,625
2442,1277,355,84,714,612
2443,1278,356,82,722,619
2444,1279,358,81,722,622
2445,1280,344,80,721,614
2446,1281,349,75,723,619
2447,1282,390,81,752,627
2448,1283,425,84,793,634
2449,1284,464,85,836,634
2450,1285,479,69,860,639
2451,1286,482,86,861,654
2452,1287,475,79,857,641
2453,1288,495,79,858,630
2454,1289,501,76,877,645
2455,1290,509,91,874,641
2456,1291,501,87,882,652
2457,1292,497,74,870,648
2458,1293,493,78,874,648
2459,1294,465,72,872,651
2460,1295,472,68,871,652
2461,1296,458,70,866,653
2462,1297,472,62,876,653
2463,1298,450,73,871,654
2464,1299,441,69,868,655
2465,1300,453,71,870,652
2466,1301,458,64,871,661
2467,1302,419,63,870,659
2468,1303,479,55,872,657
2469,1304,458,57,876,661
2470,1305,467,46,871,655
2471,1306,467,41,880,649
2472,1307,468,43,872,652
2473,1308,468,40,880,674
2474,1309,472,41,874,655
2475,1310,468,44,874,653
2476,1311,479,41,876,641
2477,1312,468,41,879,652
2478,1313,472,40,881,655
2479,1314,472,41,870,658
2480,1315,467,38,877,660
2481,1316,472,41,873,651
2482,1317,466,39,874,655
2483,1318,472,42,872,664
2484,1319,464,41,874,655
2485,1320,470,43,877,654
2486,1321,472,39,871,648
2487,1322,468,44,873,652
2488,1323,479,40,877,655
2489,1324,464,29,884,668
2490,1325,462,42,878,662
2491,1326,457,34,879,661
2492,1327,460,35,885,669
2493,1328,478,35,881,665
2494,1329,449,33,875,660
2495,1330,448,36,886,658
2496,1331,443,37,881,653
2497,1332,480,38,880,650
2498,1333,468,33,880,651
2499,1334,469,34,885,650
2500,1335,472,31,876,661
2501,1336,475,34,877,651
2502,1337,473,46,878,645
2503,1338,470,42,874,659
2504,1339,464,56,875,659
2505,1340,471,39,876,652
2506,1341,474,28,878,664
2507,1342,473,29,880,663
2508,1343,466,32,877,667
2509,1344,,,,
